source,target
Acceptance and commitment therapy,Autism
Acceptance and commitment therapy,Behaviour therapy
Acceptance and commitment therapy,Brief psychotherapy
Acceptance and commitment therapy,Cognitive behavioral therapy
Acceptance and commitment therapy,Cognitive therapy
Acceptance and commitment therapy,Dialectical behavior therapy
Acceptance and commitment therapy,Functional analytic psychotherapy
Acceptance and commitment therapy,Gestalt therapy
Acceptance and commitment therapy,Mindfulness-based cognitive therapy
Acceptance and commitment therapy,Morita therapy
Acceptance and commitment therapy,Psychoanalysis
Acceptance and commitment therapy,Psychosis
Acceptance and commitment therapy,Schema therapy
Acceptance and commitment therapy,Solution-focused brief therapy
Acceptance and commitment therapy,Twelve-step program
Acute stress reaction,Adjustment disorder
Acute stress reaction,Cognitive behavioral therapy
Acute stress reaction,Dissociative amnesia
Acute stress reaction,Dissociative identity disorder
Acute stress reaction,Mood disorder
Acute stress reaction,Post-traumatic stress disorder
Addictive personality,Cognitive behavioral therapy
Addictive personality,Dialectical behavior therapy
Addictive personality,Generalized anxiety disorder
Addictive personality,Major depressive disorder
Addictive personality,Motivational interviewing
Addictive personality,Twelve-step program
Adjustment disorder,Acute stress reaction
Adjustment disorder,Generalized anxiety disorder
Adjustment disorder,Major depressive disorder
Adjustment disorder,Mood disorder
Adjustment disorder,Post-traumatic stress disorder
Advanced sleep phase disorder,Circadian rhythm sleep disorder
Advanced sleep phase disorder,Delayed sleep phase disorder
Advanced sleep phase disorder,Insomnia
Advanced sleep phase disorder,Irregular sleep–wake rhythm disorder
Advanced sleep phase disorder,Narcolepsy
Advanced sleep phase disorder,Non-24-hour sleep–wake disorder
Adventure therapy,Substance dependence
Adventure therapy,Wilderness therapy
Agnosia,Dementia
Agnosia,Dyslexia
Agoraphobia,Avoidant personality disorder
Agoraphobia,Cognitive behavioral therapy
Agoraphobia,Eye movement desensitization and reprocessing
Agoraphobia,Generalized anxiety disorder
Agoraphobia,Major depressive disorder
Agoraphobia,Obsessive–compulsive disorder
Agoraphobia,Panic disorder
Agoraphobia,Post-traumatic stress disorder
Agoraphobia,Psychosis
Agoraphobia,Separation anxiety disorder
Agoraphobia,Social anxiety disorder
Agoraphobia,Specific phobia
Agoraphobia,Systematic desensitization
Alcohol withdrawal syndrome,Alcoholic hallucinosis
Alcohol withdrawal syndrome,Alcoholism
Alcoholic hallucinosis,Alcoholism
Alcoholism,Addictive personality
Alcoholism,Alcohol withdrawal syndrome
Alcoholism,Amnesia
Alcoholism,Antisocial personality disorder
Alcoholism,Attention deficit hyperactivity disorder
Alcoholism,Bipolar disorder
Alcoholism,Borderline personality disorder
Alcoholism,Bulimia
Alcoholism,Dementia
Alcoholism,Drug withdrawal
Alcoholism,Group psychotherapy
Alcoholism,Major depressive disorder
Alcoholism,Narcissistic personality disorder
Alcoholism,Panic disorder
Alcoholism,Post-traumatic stress disorder
Alcoholism,Psychosis
Alcoholism,Schizophrenia
Alcoholism,Sexual dysfunction
Alcoholism,Substance dependence
Alcoholism,Twelve-step program
Alzheimer's disease,Agnosia
Alzheimer's disease,Animal-assisted therapy
Alzheimer's disease,Aphasia
Alzheimer's disease,Art therapy
Alzheimer's disease,Behavior modification
Alzheimer's disease,Cognitive behavioral therapy
Alzheimer's disease,Delirium
Alzheimer's disease,Delusional misidentification syndrome
Alzheimer's disease,Dementia
Alzheimer's disease,Down syndrome
Alzheimer's disease,Major depressive disorder
Alzheimer's disease,Music therapy
Alzheimer's disease,Parkinson's disease
Alzheimer's disease,Psychosis
Alzheimer's disease,Reminiscence therapy
Alzheimer's disease,Sensory integration therapy
Alzheimer's disease,Traumatic brain injury
Amnesia,Alcoholism
Amnesia,Alzheimer's disease
Amnesia,Aphasia
Amnesia,Bipolar disorder
Amnesia,Cognitive behavioral therapy
Amnesia,Dissociative amnesia
Amnesia,Dissociative fugue
Amnesia,Mood disorder
Amnesia,Post-traumatic stress disorder
Amnesia,Traumatic brain injury
Analytical psychology,Daseinsanalysis
Analytical psychology,Dissociative identity disorder
Analytical psychology,Major depressive disorder
Analytical psychology,Play therapy
Analytical psychology,Psychoanalysis
Analytical psychology,Sleepwalking
Animal-assisted therapy,Attention deficit hyperactivity disorder
Animal-assisted therapy,Autism
Animal-assisted therapy,Dementia
Animal-assisted therapy,Major depressive disorder
Animal-assisted therapy,Post-traumatic stress disorder
Animal-assisted therapy,Psychoanalysis
Anorexia,Acceptance and commitment therapy
Anorexia,Alcoholism
Anorexia,Attention deficit hyperactivity disorder
Anorexia,Atypical anorexia nervosa
Anorexia,Autism
Anorexia,Binge eating disorder
Anorexia,Body dysmorphic disorder
Anorexia,Borderline personality disorder
Anorexia,Bulimia
Anorexia,Cognitive behavioral therapy
Anorexia,Delirium
Anorexia,Dementia
Anorexia,Insomnia
Anorexia,Major depressive disorder
Anorexia,Obsessive–compulsive disorder
Anorexia,Obsessive–compulsive personality disorder
Anorexia,Opioid overdose
Anorexia,Orthorexia nervosa
Anorexia,Other specified feeding or eating disorder
Anorexia,Post-traumatic stress disorder
Anorexia,Purging disorder
Anorexia,Schizophrenia
Anorexia,Unspecified feeding or eating disorder
Anorgasmia,Delayed ejaculation
Anorgasmia,Erectile dysfunction
Anorgasmia,Parkinson's disease
Anorgasmia,Sexual dysfunction
Antisocial personality disorder,Alcoholism
Antisocial personality disorder,Attention deficit hyperactivity disorder
Antisocial personality disorder,Avoidant personality disorder
Antisocial personality disorder,Bipolar disorder
Antisocial personality disorder,Borderline personality disorder
Antisocial personality disorder,Cognitive behavioral therapy
Antisocial personality disorder,Conduct disorder
Antisocial personality disorder,Disinhibited social engagement disorder
Antisocial personality disorder,Dissociative identity disorder
Antisocial personality disorder,Histrionic personality disorder
Antisocial personality disorder,Major depressive disorder
Antisocial personality disorder,Mentalization-based treatment
Antisocial personality disorder,Mood disorder
Antisocial personality disorder,Multisystemic therapy
Antisocial personality disorder,Narcissistic personality disorder
Antisocial personality disorder,Oppositional defiant disorder
Antisocial personality disorder,Other and unspecified personality disorders
Antisocial personality disorder,Paranoid personality disorder
Antisocial personality disorder,Post-traumatic stress disorder
Antisocial personality disorder,Problem gambling
Antisocial personality disorder,Reactive attachment disorder
Antisocial personality disorder,Sadistic personality disorder
Antisocial personality disorder,Schema therapy
Antisocial personality disorder,Schizoid personality disorder
Antisocial personality disorder,Schizophrenia
Antisocial personality disorder,Social anxiety disorder
Aphasia,Agnosia
Aphasia,Alzheimer's disease
Aphasia,Auditory processing disorder
Aphasia,Dementia
Aphasia,Frontotemporal dementia
Aphasia,Music therapy
Aphasia,Traumatic brain injury
Art therapy,Analytical psychology
Art therapy,Anorexia
Art therapy,Autism
Art therapy,Bibliotherapy
Art therapy,Cognitive processing therapy
Art therapy,Expressive therapies
Art therapy,Music therapy
Art therapy,Play therapy
Art therapy,Psychoanalysis
Art therapy,Schizophrenia
Association splitting,Obsessive–compulsive disorder
Attachment therapy,Attachment-based psychotherapy
Attachment therapy,Attachment-based therapy
Attachment therapy,Autism
Attachment therapy,Conduct disorder
Attachment therapy,Disinhibited social engagement disorder
Attachment therapy,Dyadic developmental psychotherapy
Attachment therapy,Enuresis
Attachment therapy,Oppositional defiant disorder
Attachment therapy,Play therapy
Attachment therapy,Primal therapy
Attachment therapy,Psychoanalysis
Attachment therapy,Reactive attachment disorder
Attachment-based psychotherapy,Psychoanalysis
Attachment-based psychotherapy,Reactive attachment disorder
Attachment-based therapy,Attachment therapy
Attachment-based therapy,Child psychotherapy
Attachment-based therapy,Dyadic developmental psychotherapy
Attachment-based therapy,Major depressive disorder
Attachment-based therapy,Parent–child interaction therapy
Attachment-based therapy,Play therapy
Attachment-based therapy,Psychodynamic psychotherapy
Attachment-based therapy,Reactive attachment disorder
Attack therapy,Expressive therapies
Attack therapy,Group psychotherapy
Attack therapy,Rolfing
Attack therapy,T-groups
Attention deficit hyperactivity disorder,Alcoholism
Attention deficit hyperactivity disorder,Antisocial personality disorder
Attention deficit hyperactivity disorder,Autism
Attention deficit hyperactivity disorder,Behaviour therapy
Attention deficit hyperactivity disorder,Bipolar disorder
Attention deficit hyperactivity disorder,Borderline personality disorder
Attention deficit hyperactivity disorder,Cognitive behavioral therapy
Attention deficit hyperactivity disorder,Communication disorder
Attention deficit hyperactivity disorder,Conduct disorder
Attention deficit hyperactivity disorder,Delayed sleep phase disorder
Attention deficit hyperactivity disorder,Disruptive mood dysregulation disorder
Attention deficit hyperactivity disorder,Drug withdrawal
Attention deficit hyperactivity disorder,Dysgraphia
Attention deficit hyperactivity disorder,Dyslexia
Attention deficit hyperactivity disorder,Dysthymia
Attention deficit hyperactivity disorder,Family therapy
Attention deficit hyperactivity disorder,Insomnia
Attention deficit hyperactivity disorder,Intellectual disability
Attention deficit hyperactivity disorder,Intermittent explosive disorder
Attention deficit hyperactivity disorder,Interpersonal psychotherapy
Attention deficit hyperactivity disorder,Major depressive disorder
Attention deficit hyperactivity disorder,Mania
Attention deficit hyperactivity disorder,Mood disorder
Attention deficit hyperactivity disorder,Narcissistic personality disorder
Attention deficit hyperactivity disorder,Oppositional defiant disorder
Attention deficit hyperactivity disorder,Parent management training
Attention deficit hyperactivity disorder,Post-traumatic stress disorder
Attention deficit hyperactivity disorder,Premenstrual dysphoric disorder
Attention deficit hyperactivity disorder,Psychosis
Attention deficit hyperactivity disorder,Reactive attachment disorder
Attention deficit hyperactivity disorder,Restless legs syndrome
Attention deficit hyperactivity disorder,Schizophrenia
Attention deficit hyperactivity disorder,Stereotypic movement disorder
Attention deficit hyperactivity disorder,Stimulant psychosis
Attention deficit hyperactivity disorder,Tourette syndrome
Attention deficit hyperactivity disorder,Traumatic brain injury
Attenuated psychosis syndrome,Psychosis
Atypical anorexia nervosa,Anorexia
Atypical anorexia nervosa,Autism
Atypical anorexia nervosa,Avoidant/restrictive food intake disorder
Atypical anorexia nervosa,Cognitive behavioral therapy
Atypical anorexia nervosa,Dialectical behavior therapy
Atypical anorexia nervosa,Insomnia
Atypical anorexia nervosa,Interpersonal psychotherapy
Atypical anorexia nervosa,Obsessive–compulsive disorder
Atypical anorexia nervosa,Other specified feeding or eating disorder
Atypical anorexia nervosa,Social anxiety disorder
Atypical anorexia nervosa,Unspecified feeding or eating disorder
Auditory processing disorder,Aphasia
Auditory processing disorder,Attention deficit hyperactivity disorder
Auditory processing disorder,Autism
Auditory processing disorder,Dyslexia
Auditory processing disorder,Selective mutism
Auditory processing disorder,Sensory processing disorder
Autism,Animal-assisted therapy
Autism,Attention deficit hyperactivity disorder
Autism,Behaviour therapy
Autism,Cognitive behavioral therapy
Autism,Developmental coordination disorder
Autism,Down syndrome
Autism,Gender dysphoria
Autism,Insomnia
Autism,Intellectual disability
Autism,Internet addiction disorder
Autism,Language disorder
Autism,Major depressive disorder
Autism,Mindfulness-based stress reduction
Autism,Music therapy
Autism,Obsessive–compulsive disorder
Autism,Pervasive developmental disorder
Autism,Schizoid personality disorder
Autism,Schizophrenia
Autism,Selective mutism
Autism,Sensory processing disorder
Autism,Social (pragmatic) communication disorder
Autism,Stereotypic movement disorder
Autism,Video game addiction
Autogenic training,Biofeedback
Autogenic training,Psychoanalysis
Avoidant personality disorder,Bipolar disorder
Avoidant personality disorder,Borderline personality disorder
Avoidant personality disorder,Cognitive behavioral therapy
Avoidant personality disorder,Dependent personality disorder
Avoidant personality disorder,Exposure therapy
Avoidant personality disorder,Mood disorder
Avoidant personality disorder,Panic disorder
Avoidant personality disorder,Paranoid personality disorder
Avoidant personality disorder,Psychoanalysis
Avoidant personality disorder,Psychodynamic psychotherapy
Avoidant personality disorder,Schema therapy
Avoidant personality disorder,Schizoid personality disorder
Avoidant personality disorder,Schizophrenia
Avoidant personality disorder,Schizotypal personality disorder
Avoidant personality disorder,Social anxiety disorder
Avoidant/restrictive food intake disorder,Anorexia
Avoidant/restrictive food intake disorder,Attention deficit hyperactivity disorder
Avoidant/restrictive food intake disorder,Autism
Avoidant/restrictive food intake disorder,Bulimia
Avoidant/restrictive food intake disorder,Cognitive behavioral therapy
Avoidant/restrictive food intake disorder,Generalized anxiety disorder
Avoidant/restrictive food intake disorder,Major depressive disorder
Avoidant/restrictive food intake disorder,Obsessive–compulsive disorder
Avoidant/restrictive food intake disorder,Somatic symptom disorder
Avoidant/restrictive food intake disorder,Unspecified feeding or eating disorder
Behavior modification,Attention deficit hyperactivity disorder
Behavior modification,Autism
Behavior modification,Behaviour therapy
Behavior modification,Body-focused repetitive behavior
Behavior modification,Cognitive behavioral therapy
Behavior modification,Conversion therapy
Behavior modification,Exposure therapy
Behavior modification,Habit reversal training
Behavior modification,Person-centered therapy
Behavior modification,Re-evaluation counseling
Behavior modification,Transactional analysis
Behavioral activation,Acceptance and commitment therapy
Behavioral activation,Behaviour therapy
Behavioral activation,Clinical behavior analysis
Behavioral activation,Cognitive behavioral therapy
Behavioral activation,Dialectical behavior therapy
Behavioral activation,Dysthymia
Behavioral activation,Exposure therapy
Behavioral activation,Functional analytic psychotherapy
Behavioral activation,Mood disorder
Behavioral activation,Psychodynamic psychotherapy
Behaviour therapy,Acceptance and commitment therapy
Behaviour therapy,Aphasia
Behaviour therapy,Aversion therapy
Behaviour therapy,Behavioral activation
Behaviour therapy,Body-focused repetitive behavior
Behaviour therapy,Clinical behavior analysis
Behaviour therapy,Cognitive behavioral therapy
Behaviour therapy,Cognitive therapy
Behaviour therapy,Dialectical behavior therapy
Behaviour therapy,Exposure therapy
Behaviour therapy,Functional analytic psychotherapy
Behaviour therapy,Habit reversal training
Behaviour therapy,Metacognitive therapy
Behaviour therapy,Metacognitive training
Behaviour therapy,Parent management training
Behaviour therapy,Schizophrenia
Behaviour therapy,Systematic desensitization
Bibliotherapy,Behaviour therapy
Bibliotherapy,Cognitive behavioral therapy
Bibliotherapy,Cognitive therapy
Bibliotherapy,Expressive therapies
Bibliotherapy,Mood disorder
Bibliotherapy,Panic disorder
Bibliotherapy,Post-traumatic stress disorder
Bibliotherapy,Sexual dysfunction
Bibliotherapy,Supportive psychotherapy
Bibliotherapy,Writing therapy
Binge eating disorder,Anorexia
Binge eating disorder,Attention deficit hyperactivity disorder
Binge eating disorder,Bipolar disorder
Binge eating disorder,Body dysmorphic disorder
Binge eating disorder,Bulimia
Binge eating disorder,Cognitive behavioral therapy
Binge eating disorder,Food addiction
Binge eating disorder,Kleptomania
Binge eating disorder,Night eating syndrome
Binge eating disorder,Obsessive–compulsive disorder
Binge eating disorder,Other specified feeding or eating disorder
Binge eating disorder,Unspecified feeding or eating disorder
Biofeedback,Attention deficit hyperactivity disorder
Biofeedback,Autogenic training
Biofeedback,Major depressive disorder
Biofeedback,Obsessive–compulsive disorder
Biofeedback,Post-traumatic stress disorder
Bipolar I disorder,Alcoholism
Bipolar I disorder,Antisocial personality disorder
Bipolar I disorder,Attention deficit hyperactivity disorder
Bipolar I disorder,Behavior modification
Bipolar I disorder,Bipolar II disorder
Bipolar I disorder,Bipolar disorder
Bipolar I disorder,Bipolar disorder not otherwise specified
Bipolar I disorder,Borderline personality disorder
Bipolar I disorder,Catatonia
Bipolar I disorder,Cognitive behavioral therapy
Bipolar I disorder,Cyclothymia
Bipolar I disorder,Delusional disorder
Bipolar I disorder,Generalized anxiety disorder
Bipolar I disorder,Hypomania
Bipolar I disorder,Kleine–Levin syndrome
Bipolar I disorder,Major depressive disorder
Bipolar I disorder,Mania
Bipolar I disorder,Mixed affective state
Bipolar I disorder,Mood disorder
Bipolar I disorder,Panic disorder
Bipolar I disorder,Post-traumatic stress disorder
Bipolar I disorder,Psychosis
Bipolar I disorder,Schizoaffective disorder
Bipolar I disorder,Schizophrenia
Bipolar I disorder,Schizophreniform disorder
Bipolar II disorder,Art therapy
Bipolar II disorder,Attention deficit hyperactivity disorder
Bipolar II disorder,Autism
Bipolar II disorder,Behaviour therapy
Bipolar II disorder,Bipolar I disorder
Bipolar II disorder,Bipolar disorder
Bipolar II disorder,Bipolar disorder not otherwise specified
Bipolar II disorder,Borderline personality disorder
Bipolar II disorder,Catatonia
Bipolar II disorder,Cognitive behavioral therapy
Bipolar II disorder,Cognitive therapy
Bipolar II disorder,Cyclothymia
Bipolar II disorder,Delusional disorder
Bipolar II disorder,Family therapy
Bipolar II disorder,Hypersomnia
Bipolar II disorder,Hypomania
Bipolar II disorder,Interpersonal psychotherapy
Bipolar II disorder,Major depressive disorder
Bipolar II disorder,Mania
Bipolar II disorder,Mixed affective state
Bipolar II disorder,Mood disorder
Bipolar II disorder,Music therapy
Bipolar II disorder,Oppositional defiant disorder
Bipolar II disorder,Post-traumatic stress disorder
Bipolar II disorder,Postpartum depression
Bipolar II disorder,Psychoanalysis
Bipolar II disorder,Psychodynamic psychotherapy
Bipolar II disorder,Psychosis
Bipolar II disorder,Psychotic depression
Bipolar II disorder,Schizoaffective disorder
Bipolar II disorder,Schizophrenia
Bipolar disorder,Alcoholism
Bipolar disorder,Attention deficit hyperactivity disorder
Bipolar disorder,Autism
Bipolar disorder,Bipolar I disorder
Bipolar disorder,Bipolar II disorder
Bipolar disorder,Bipolar disorder not otherwise specified
Bipolar disorder,Borderline personality disorder
Bipolar disorder,Catatonia
Bipolar disorder,Cognitive behavioral therapy
Bipolar disorder,Cyclothymia
Bipolar disorder,Delirium
Bipolar disorder,Dementia
Bipolar disorder,Disruptive mood dysregulation disorder
Bipolar disorder,Family therapy
Bipolar disorder,Group psychotherapy
Bipolar disorder,Huntington's disease
Bipolar disorder,Hypersomnia
Bipolar disorder,Hypomania
Bipolar disorder,Insomnia
Bipolar disorder,Jet lag
Bipolar disorder,Major depressive disorder
Bipolar disorder,Mania
Bipolar disorder,Mixed affective state
Bipolar disorder,Mood disorder
Bipolar disorder,Obsessive–compulsive disorder
Bipolar disorder,Panic disorder
Bipolar disorder,Parkinson's disease
Bipolar disorder,Post-traumatic stress disorder
Bipolar disorder,Premenstrual dysphoric disorder
Bipolar disorder,Psychosis
Bipolar disorder,Schizoaffective disorder
Bipolar disorder,Schizophrenia
Bipolar disorder,Social anxiety disorder
Bipolar disorder,Traumatic brain injury
Bipolar disorder not otherwise specified,Bipolar I disorder
Bipolar disorder not otherwise specified,Bipolar II disorder
Bipolar disorder not otherwise specified,Bipolar disorder
Bipolar disorder not otherwise specified,Borderline personality disorder
Bipolar disorder not otherwise specified,Cyclothymia
Bipolar disorder not otherwise specified,Hypomania
Bipolar disorder not otherwise specified,Major depressive disorder
Bipolar disorder not otherwise specified,Mania
Bipolar disorder not otherwise specified,Mood disorder
Body dysmorphic disorder,Anorexia
Body dysmorphic disorder,Body integrity dysphoria
Body dysmorphic disorder,Cognitive behavioral therapy
Body dysmorphic disorder,Excoriation disorder
Body dysmorphic disorder,Major depressive disorder
Body dysmorphic disorder,Obsessive–compulsive disorder
Body dysmorphic disorder,Schizophrenia
Body dysmorphic disorder,Social anxiety disorder
Body dysmorphic disorder,Somatic symptom disorder
Body integrity dysphoria,Body dysmorphic disorder
Body integrity dysphoria,Cognitive behavioral therapy
Body integrity dysphoria,Gender dysphoria
Body integrity dysphoria,Traumatic brain injury
Body psychotherapy,Complex post-traumatic stress disorder
Body psychotherapy,Expressive therapies
Body psychotherapy,Gestalt therapy
Body psychotherapy,Post-traumatic stress disorder
Body psychotherapy,Process-oriented psychology
Body psychotherapy,Vegetotherapy
Body-focused repetitive behavior,Attention deficit hyperactivity disorder
Body-focused repetitive behavior,Behavior modification
Body-focused repetitive behavior,Body dysmorphic disorder
Body-focused repetitive behavior,Cognitive behavioral therapy
Body-focused repetitive behavior,Excoriation disorder
Body-focused repetitive behavior,Family therapy
Body-focused repetitive behavior,Habit reversal training
Body-focused repetitive behavior,Stereotypic movement disorder
Body-focused repetitive behavior,Trichotillomania
Bonding psychotherapy,Group psychotherapy
Borderline personality disorder,Anorexia
Borderline personality disorder,Antisocial personality disorder
Borderline personality disorder,Attention deficit hyperactivity disorder
Borderline personality disorder,Autism
Borderline personality disorder,Avoidant personality disorder
Borderline personality disorder,Behaviour therapy
Borderline personality disorder,Bipolar disorder
Borderline personality disorder,Bulimia
Borderline personality disorder,Cognitive behavioral therapy
Borderline personality disorder,Cyclothymia
Borderline personality disorder,Dependent personality disorder
Borderline personality disorder,Depressive personality disorder
Borderline personality disorder,Dialectical behavior therapy
Borderline personality disorder,Dynamic deconstructive psychotherapy
Borderline personality disorder,Dysthymia
Borderline personality disorder,Histrionic personality disorder
Borderline personality disorder,Major depressive disorder
Borderline personality disorder,Mania
Borderline personality disorder,Mentalization-based treatment
Borderline personality disorder,Mood disorder
Borderline personality disorder,Panic disorder
Borderline personality disorder,Passive–aggressive personality disorder
Borderline personality disorder,Post-traumatic stress disorder
Borderline personality disorder,Premenstrual dysphoric disorder
Borderline personality disorder,Psychosis
Borderline personality disorder,Sadistic personality disorder
Borderline personality disorder,Schema therapy
Borderline personality disorder,Schizophrenia
Borderline personality disorder,Schizotypal personality disorder
Borderline personality disorder,Self-defeating personality disorder
Borderline personality disorder,Social anxiety disorder
Borderline personality disorder,Somatic symptom disorder
Borderline personality disorder,Transference-focused psychotherapy
Brainspotting,Attention deficit hyperactivity disorder
Brainspotting,Eye movement desensitization and reprocessing
Brainspotting,Generalized anxiety disorder
Brainspotting,Major depressive disorder
Brainspotting,Post-traumatic stress disorder
Brainspotting,Psychoanalysis
Brainspotting,Somatic experiencing
Breathwork (New Age),Primal therapy
Breathwork (New Age),Psychedelic therapy
Breathwork (New Age),Sensory processing disorder
Brief psychotherapy,Hypnotherapy
Brief psychotherapy,Solution-focused brief therapy
Brief psychotic disorder,Alzheimer's disease
Brief psychotic disorder,Bipolar disorder
Brief psychotic disorder,Catatonia
Brief psychotic disorder,Culture-bound syndrome
Brief psychotic disorder,Delusional disorder
Brief psychotic disorder,Parkinson's disease
Brief psychotic disorder,Postpartum depression
Brief psychotic disorder,Postpartum psychosis
Brief psychotic disorder,Psychosis
Brief psychotic disorder,Schizoaffective disorder
Brief psychotic disorder,Schizophrenia
Brief psychotic disorder,Schizophreniform disorder
Bulimia,Anorexia
Bulimia,Binge eating disorder
Bulimia,Bipolar disorder
Bulimia,Borderline personality disorder
Bulimia,Cognitive behavioral therapy
Bulimia,Dialectical behavior therapy
Bulimia,Hypnotherapy
Bulimia,Interpersonal psychotherapy
Bulimia,Kleine–Levin syndrome
Caffeine dependence,Caffeine-induced anxiety disorder
Caffeine dependence,Caffeine-induced sleep disorder
Caffeine dependence,Drug withdrawal
Caffeine dependence,Substance dependence
Caffeine withdrawal,Alcoholism
Caffeine withdrawal,Antisocial personality disorder
Caffeine withdrawal,Drug withdrawal
Caffeine withdrawal,Generalized anxiety disorder
Caffeine withdrawal,Major depressive disorder
Caffeine withdrawal,Panic disorder
Caffeine-induced anxiety disorder,Behaviour therapy
Caffeine-induced anxiety disorder,Bipolar disorder
Caffeine-induced anxiety disorder,Caffeine withdrawal
Caffeine-induced anxiety disorder,Insomnia
Caffeine-induced anxiety disorder,Mood disorder
Caffeine-induced anxiety disorder,Schizophrenia
Caffeine-induced sleep disorder,Circadian rhythm sleep disorder
Caffeine-induced sleep disorder,Narcolepsy
Cannabis use disorder,Alcoholism
Cannabis use disorder,Cannabis-induced psychotic disorder
Cannabis use disorder,Cognitive behavioral therapy
Cannabis use disorder,Drug withdrawal
Cannabis use disorder,Insomnia
Cannabis use disorder,Mood disorder
Cannabis use disorder,Motivational enhancement therapy
Cannabis use disorder,Substance dependence
Cannabis use disorder,Twelve-step program
Cannabis-induced psychotic disorder,Bipolar disorder
Cannabis-induced psychotic disorder,Hallucinogen-induced psychotic disorder
Cannabis-induced psychotic disorder,Insomnia
Cannabis-induced psychotic disorder,Major depressive disorder
Cannabis-induced psychotic disorder,Psychosis
Cannabis-induced psychotic disorder,Schizophrenia
Cannabis-induced psychotic disorder,Substance-induced psychosis
Cataplexy,Narcolepsy
Catatonia,Alcohol withdrawal syndrome
Catatonia,Alcoholism
Catatonia,Aphasia
Catatonia,Attention deficit hyperactivity disorder
Catatonia,Autism
Catatonia,Bipolar disorder
Catatonia,Brief psychotic disorder
Catatonia,Delirium
Catatonia,Down syndrome
Catatonia,Major depressive disorder
Catatonia,Mania
Catatonia,Mood disorder
Catatonia,Obsessive–compulsive disorder
Catatonia,Parkinson's disease
Catatonia,Post-traumatic stress disorder
Catatonia,Psychosis
Catatonia,Schizoaffective disorder
Catatonia,Schizophrenia
Catatonia,Schizophreniform disorder
Catatonia,Selective mutism
Central hypoventilation syndrome,Alcoholism
Central hypoventilation syndrome,Parkinson's disease
Chess therapy,Expressive therapies
Chess therapy,Gestalt therapy
Chess therapy,Logotherapy
Chess therapy,Psychoanalysis
Chess therapy,Schizoid personality disorder
Child psychotherapy,Parent-infant psychotherapy
Child psychotherapy,Parent–child interaction therapy
Christian counseling,Nouthetic counseling
Chronic traumatic encephalopathy,Alzheimer's disease
Chronic traumatic encephalopathy,Amnesia
Chronic traumatic encephalopathy,Dementia
Chronic traumatic encephalopathy,Down syndrome
Chronic traumatic encephalopathy,Frontotemporal dementia
Chronic traumatic encephalopathy,Major depressive disorder
Chronic traumatic encephalopathy,Mood disorder
Chronic traumatic encephalopathy,Obsessive–compulsive personality disorder
Chronic traumatic encephalopathy,Parkinson's disease
Chronic traumatic encephalopathy,Traumatic brain injury
Circadian rhythm sleep disorder,Advanced sleep phase disorder
Circadian rhythm sleep disorder,Alzheimer's disease
Circadian rhythm sleep disorder,Cognitive behavioral therapy
Circadian rhythm sleep disorder,Delayed sleep phase disorder
Circadian rhythm sleep disorder,Insomnia
Circadian rhythm sleep disorder,Irregular sleep–wake rhythm disorder
Circadian rhythm sleep disorder,Jet lag
Circadian rhythm sleep disorder,Non-24-hour sleep–wake disorder
Circadian rhythm sleep disorder,Shift work sleep disorder
Clean language,Focusing (psychotherapy)
Clinical behavior analysis,Acceptance and commitment therapy
Clinical behavior analysis,Behavioral activation
Clinical behavior analysis,Behaviour therapy
Clinical behavior analysis,Cognitive behavioral therapy
Clinical behavior analysis,Exposure therapy
Clinical behavior analysis,Functional analytic psychotherapy
Clinical behavior analysis,Systematic desensitization
Co-counselling,Re-evaluation counseling
Cocaine dependence,Antisocial personality disorder
Cocaine dependence,Attention deficit hyperactivity disorder
Cocaine dependence,Bipolar disorder
Cocaine dependence,Cognitive behavioral therapy
Cocaine dependence,Dialectical behavior therapy
Cocaine dependence,Drug withdrawal
Cocaine dependence,Dysthymia
Cocaine dependence,Insomnia
Cocaine dependence,Major depressive disorder
Cocaine dependence,Mania
Cocaine dependence,Mood disorder
Cocaine dependence,Motivational interviewing
Cocaine dependence,Post-traumatic stress disorder
Cocaine dependence,Psychosis
Cocaine dependence,Rational emotive behavior therapy
Cocaine dependence,Schizophrenia
Cocaine dependence,Sexual dysfunction
Cocaine dependence,Stimulant psychosis
Cocaine dependence,Substance dependence
Cocaine dependence,Twelve-step program
Cocaine intoxication,Cocaine dependence
Cocaine intoxication,Drug withdrawal
Cocaine intoxication,Insomnia
Cognitive analytic therapy,Anorexia
Cognitive analytic therapy,Borderline personality disorder
Cognitive analytic therapy,Cognitive behavioral therapy
Cognitive analytic therapy,Cognitive therapy
Cognitive analytic therapy,Dementia
Cognitive analytic therapy,Dissociative identity disorder
Cognitive analytic therapy,Histrionic personality disorder
Cognitive analytic therapy,Integrative psychotherapy
Cognitive analytic therapy,Interpersonal psychotherapy
Cognitive analytic therapy,Panic disorder
Cognitive analytic therapy,Paranoid personality disorder
Cognitive analytic therapy,Person-centered therapy
Cognitive analytic therapy,Psychoanalysis
Cognitive behavioral analysis system of psychotherapy,Avoidant personality disorder
Cognitive behavioral analysis system of psychotherapy,Dysthymia
Cognitive behavioral analysis system of psychotherapy,Mood disorder
Cognitive behavioral therapy,Acceptance and commitment therapy
Cognitive behavioral therapy,Alcoholism
Cognitive behavioral therapy,Anorexia
Cognitive behavioral therapy,Antisocial personality disorder
Cognitive behavioral therapy,Attention deficit hyperactivity disorder
Cognitive behavioral therapy,Autism
Cognitive behavioral therapy,Behavioral activation
Cognitive behavioral therapy,Behaviour therapy
Cognitive behavioral therapy,Biofeedback
Cognitive behavioral therapy,Bipolar disorder
Cognitive behavioral therapy,Body dysmorphic disorder
Cognitive behavioral therapy,Borderline personality disorder
Cognitive behavioral therapy,Bulimia
Cognitive behavioral therapy,Cognitive processing therapy
Cognitive behavioral therapy,Cognitive therapy
Cognitive behavioral therapy,Compassion-focused therapy
Cognitive behavioral therapy,Conduct disorder
Cognitive behavioral therapy,Dementia
Cognitive behavioral therapy,Dialectical behavior therapy
Cognitive behavioral therapy,Exposure therapy
Cognitive behavioral therapy,Eye movement desensitization and reprocessing
Cognitive behavioral therapy,Generalized anxiety disorder
Cognitive behavioral therapy,Hypnotherapy
Cognitive behavioral therapy,Hypochondria
Cognitive behavioral therapy,Individual psychology
Cognitive behavioral therapy,Insomnia
Cognitive behavioral therapy,Internet addiction disorder
Cognitive behavioral therapy,Interpersonal psychotherapy
Cognitive behavioral therapy,Major depressive disorder
Cognitive behavioral therapy,Mania
Cognitive behavioral therapy,Metacognitive therapy
Cognitive behavioral therapy,Metacognitive training
Cognitive behavioral therapy,Mindfulness-based cognitive therapy
Cognitive behavioral therapy,Multimodal therapy
Cognitive behavioral therapy,Obsessive–compulsive disorder
Cognitive behavioral therapy,Panic disorder
Cognitive behavioral therapy,Post-traumatic stress disorder
Cognitive behavioral therapy,Problem gambling
Cognitive behavioral therapy,Psychoanalysis
Cognitive behavioral therapy,Psychosis
Cognitive behavioral therapy,Rational emotive behavior therapy
Cognitive behavioral therapy,Reality therapy
Cognitive behavioral therapy,Schizophrenia
Cognitive behavioral therapy,Social anxiety disorder
Cognitive behavioral therapy,Stuttering
Cognitive behavioral therapy,Systematic desensitization
Cognitive behavioral therapy,Tic disorder
Cognitive behavioral therapy,Trichotillomania
Cognitive behavioral therapy for insomnia,Acceptance and commitment therapy
Cognitive behavioral therapy for insomnia,Biofeedback
Cognitive behavioral therapy for insomnia,Bipolar disorder
Cognitive behavioral therapy for insomnia,Circadian rhythm sleep disorder
Cognitive behavioral therapy for insomnia,Cognitive behavioral therapy
Cognitive behavioral therapy for insomnia,Cognitive therapy
Cognitive behavioral therapy for insomnia,Complex post-traumatic stress disorder
Cognitive behavioral therapy for insomnia,Generalized anxiety disorder
Cognitive behavioral therapy for insomnia,Guided imagery
Cognitive behavioral therapy for insomnia,Insomnia
Cognitive behavioral therapy for insomnia,Major depressive disorder
Cognitive behavioral therapy for insomnia,Mood disorder
Cognitive behavioral therapy for insomnia,Post-traumatic stress disorder
Cognitive processing therapy,Cognitive behavioral therapy
Cognitive processing therapy,Group psychotherapy
Cognitive processing therapy,Post-traumatic stress disorder
Cognitive therapy,Behavior modification
Cognitive therapy,Bipolar disorder
Cognitive therapy,Cognitive analytic therapy
Cognitive therapy,Cognitive behavioral therapy
Cognitive therapy,Rational emotive behavior therapy
Cognitive therapy,Schema therapy
Cognitive therapy,Schizophrenia
Coherence therapy,Behaviour therapy
Coherence therapy,Cognitive therapy
Coherence therapy,Ego-state therapy
Coherence therapy,Emotionally focused therapy
Coherence therapy,Focusing (psychotherapy)
Coherence therapy,Gestalt therapy
Coherence therapy,Hakomi
Coherence therapy,Method of levels
Coherence therapy,Person-centered therapy
Coherence therapy,Schema therapy
Collaborative therapy,Anorexia
Collaborative therapy,Bipolar disorder
Collaborative therapy,Body dysmorphic disorder
Collaborative therapy,Cognitive behavioral therapy
Collaborative therapy,Family therapy
Collaborative therapy,Gender dysphoria
Collaborative therapy,Major depressive disorder
Collaborative therapy,Obsessive–compulsive disorder
Collaborative therapy,Psychosis
Collaborative therapy,Schizophrenia
Collaborative therapy,Trichotillomania
Communication disorder,Alzheimer's disease
Communication disorder,Aphasia
Communication disorder,Auditory processing disorder
Communication disorder,Autism
Communication disorder,Dementia
Communication disorder,Developmental coordination disorder
Communication disorder,Dyscalculia
Communication disorder,Dysgraphia
Communication disorder,Dyslexia
Communication disorder,Language disorder
Communication disorder,Social (pragmatic) communication disorder
Communication disorder,Speech sound disorder
Communication disorder,Stuttering
Compassion-focused therapy,Cognitive behavioral therapy
Complex post-traumatic stress disorder,Attachment-based psychotherapy
Complex post-traumatic stress disorder,Biofeedback
Complex post-traumatic stress disorder,Borderline personality disorder
Complex post-traumatic stress disorder,Cognitive behavioral therapy
Complex post-traumatic stress disorder,Dependent personality disorder
Complex post-traumatic stress disorder,Dialectical behavior therapy
Complex post-traumatic stress disorder,Dissociative amnesia
Complex post-traumatic stress disorder,Dissociative identity disorder
Complex post-traumatic stress disorder,Eclectic psychotherapy
Complex post-traumatic stress disorder,Emotionally focused therapy
Complex post-traumatic stress disorder,Eye movement desensitization and reprocessing
Complex post-traumatic stress disorder,Family therapy
Complex post-traumatic stress disorder,Group psychotherapy
Complex post-traumatic stress disorder,Internal Family Systems Model
Complex post-traumatic stress disorder,Narrative exposure therapy
Complex post-traumatic stress disorder,Post-traumatic stress disorder
Complex post-traumatic stress disorder,Prolonged exposure therapy
Complex post-traumatic stress disorder,Psychedelic therapy
Complex post-traumatic stress disorder,Psychodynamic psychotherapy
Complex post-traumatic stress disorder,Schema therapy
Complex post-traumatic stress disorder,Self-defeating personality disorder
Complex post-traumatic stress disorder,Somatic experiencing
Concentrative movement therapy,Psychodynamic psychotherapy
Conduct disorder,Antisocial personality disorder
Conduct disorder,Attention deficit hyperactivity disorder
Conduct disorder,Behavior modification
Conduct disorder,Family therapy
Conduct disorder,Oppositional defiant disorder
Conduct disorder,Schizophrenia
Confusional arousal,Amnesia
Confusional arousal,Bipolar disorder
Confusional arousal,Circadian rhythm sleep disorder
Confusional arousal,Hypersomnia
Confusional arousal,Insomnia
Confusional arousal,Night terror
Confusional arousal,Restless legs syndrome
Confusional arousal,Sleepwalking
Contemplative psychotherapy,Psychoanalysis
Conversational model,Borderline personality disorder
Conversational model,Psychoanalysis
Conversion therapy,Autism
Conversion therapy,Aversion therapy
Conversion therapy,Gender dysphoria
Conversion therapy,Major depressive disorder
Conversion therapy,Psychoanalysis
Conversion therapy,Psychodynamic psychotherapy
Counting method,Post-traumatic stress disorder
Counting method,Progressive counting
Couples therapy,Acceptance and commitment therapy
Couples therapy,Cognitive analytic therapy
Couples therapy,Cognitive behavioral therapy
Couples therapy,Emotionally focused therapy
Couples therapy,Family therapy
Couples therapy,Imago therapy
Couples therapy,Interpersonal psychotherapy
Couples therapy,Pastoral counseling
Couples therapy,Sex therapy
Culture-bound syndrome,Premenstrual dysphoric disorder
Culture-bound syndrome,Schizophrenia
Culture-bound syndrome,Social anxiety disorder
Cyclothymia,Attention deficit hyperactivity disorder
Cyclothymia,Bipolar I disorder
Cyclothymia,Bipolar II disorder
Cyclothymia,Bipolar disorder
Cyclothymia,Bipolar disorder not otherwise specified
Cyclothymia,Borderline personality disorder
Cyclothymia,Cognitive behavioral therapy
Cyclothymia,Dysthymia
Cyclothymia,Hypomania
Cyclothymia,Major depressive disorder
Cyclothymia,Mania
Cyclothymia,Separation anxiety disorder
Dance therapy,Art therapy
Dance therapy,Cognitive behavioral therapy
Dance therapy,Dementia
Dance therapy,Existential therapy
Dance therapy,Expressive therapies
Dance therapy,Integrative psychotherapy
Dance therapy,Psychodynamic psychotherapy
Daseinsanalysis,Existential therapy
Daseinsanalysis,Mania
Daseinsanalysis,Psychoanalysis
Daseinsanalysis,Schizophrenia
Delayed ejaculation,Anorgasmia
Delayed ejaculation,Premature ejaculation
Delayed ejaculation,Sexual fetishism
Delayed sleep phase disorder,Advanced sleep phase disorder
Delayed sleep phase disorder,Attention deficit hyperactivity disorder
Delayed sleep phase disorder,Bipolar disorder
Delayed sleep phase disorder,Circadian rhythm sleep disorder
Delayed sleep phase disorder,Insomnia
Delayed sleep phase disorder,Irregular sleep–wake rhythm disorder
Delayed sleep phase disorder,Jet lag
Delayed sleep phase disorder,Major depressive disorder
Delayed sleep phase disorder,Non-24-hour sleep–wake disorder
Delayed sleep phase disorder,Obsessive–compulsive disorder
Delayed sleep phase disorder,Schizophrenia
Delayed sleep phase disorder,Sleep apnea
Delayed sleep phase disorder,Traumatic brain injury
Delayed sleep phase disorder,Video game addiction
Delirium,Alcohol withdrawal syndrome
Delirium,Alzheimer's disease
Delirium,Bipolar disorder
Delirium,Catatonia
Delirium,Dementia
Delirium,Dementia with Lewy bodies
Delirium,Depersonalization-derealization disorder
Delirium,Drug withdrawal
Delirium,Huntington's disease
Delirium,Major depressive disorder
Delirium,Mood disorder
Delirium,Parkinson's disease
Delirium,Psychosis
Delirium,Schizophrenia
Delusional disorder,Bipolar disorder
Delusional disorder,Cognitive therapy
Delusional disorder,Dementia
Delusional disorder,Group psychotherapy
Delusional disorder,Insight-oriented psychotherapy
Delusional disorder,Mood disorder
Delusional disorder,Paranoid personality disorder
Delusional disorder,Psychosis
Delusional disorder,Schizophrenia
Delusional disorder,Substance-induced psychosis
Dementia,Alcoholism
Dementia,Alzheimer's disease
Dementia,Animal-assisted therapy
Dementia,Aphasia
Dementia,Chronic traumatic encephalopathy
Dementia,Cognitive behavioral therapy
Dementia,Delirium
Dementia,Dementia with Lewy bodies
Dementia,Frontotemporal dementia
Dementia,HIV-associated neurocognitive disorder
Dementia,Huntington's disease
Dementia,Major depressive disorder
Dementia,Music therapy
Dementia,Paraphrenia
Dementia,Parkinson's disease
Dementia,Rapid eye movement sleep behavior disorder
Dementia,Reminiscence therapy
Dementia,Schizophrenia
Dementia,Transmissible spongiform encephalopathy
Dementia,Traumatic brain injury
Dementia,Vascular dementia
Dementia with Lewy bodies,Alzheimer's disease
Dementia with Lewy bodies,Cognitive behavioral therapy
Dementia with Lewy bodies,Dementia
Dementia with Lewy bodies,Erectile dysfunction
Dementia with Lewy bodies,Frontotemporal dementia
Dementia with Lewy bodies,Hypersomnia
Dementia with Lewy bodies,Insomnia
Dementia with Lewy bodies,Music therapy
Dementia with Lewy bodies,Parkinson's disease
Dementia with Lewy bodies,Rapid eye movement sleep behavior disorder
Dementia with Lewy bodies,Restless legs syndrome
Dementia with Lewy bodies,Sexual dysfunction
Dementia with Lewy bodies,Sleep apnea
Dementia with Lewy bodies,Vascular dementia
Dependent personality disorder,Agoraphobia
Dependent personality disorder,Avoidant personality disorder
Dependent personality disorder,Borderline personality disorder
Dependent personality disorder,Cognitive behavioral therapy
Dependent personality disorder,Histrionic personality disorder
Dependent personality disorder,Mood disorder
Dependent personality disorder,Organic personality disorder
Dependent personality disorder,Panic disorder
Dependent personality disorder,Schizoid personality disorder
Dependent personality disorder,Self-defeating personality disorder
Depersonalization-derealization disorder,Acute stress reaction
Depersonalization-derealization disorder,Alzheimer's disease
Depersonalization-derealization disorder,Bipolar disorder
Depersonalization-derealization disorder,Borderline personality disorder
Depersonalization-derealization disorder,Cognitive behavioral therapy
Depersonalization-derealization disorder,Dissociative identity disorder
Depersonalization-derealization disorder,Hallucinogen persisting perception disorder
Depersonalization-derealization disorder,Hypersomnia
Depersonalization-derealization disorder,Major depressive disorder
Depersonalization-derealization disorder,Panic disorder
Depersonalization-derealization disorder,Post-traumatic stress disorder
Depersonalization-derealization disorder,Schizoid personality disorder
Depersonalization-derealization disorder,Schizophrenia
Depersonalization-derealization disorder,Schizotypal personality disorder
Depersonalization-derealization disorder,Somatic symptom disorder
Depressive personality disorder,Avoidant personality disorder
Depressive personality disorder,Bipolar disorder
Depressive personality disorder,Dependent personality disorder
Depressive personality disorder,Dysthymia
Depressive personality disorder,Histrionic personality disorder
Depressive personality disorder,Hypersomnia
Depressive personality disorder,Major depressive disorder
Depressive personality disorder,Mood disorder
Depressive personality disorder,Narcissistic personality disorder
Depressive personality disorder,Other and unspecified personality disorders
Depressive personality disorder,Passive–aggressive personality disorder
Depressive personality disorder,Schizoid personality disorder
Depressive personality disorder,Self-defeating personality disorder
Developmental coordination disorder,Attention deficit hyperactivity disorder
Developmental coordination disorder,Autism
Developmental coordination disorder,Dyscalculia
Developmental coordination disorder,Dysgraphia
Developmental coordination disorder,Dyslexia
Developmental coordination disorder,Nonverbal learning disorder
Developmental coordination disorder,Parkinson's disease
Developmental coordination disorder,Sensory processing disorder
Developmental eclecticism,Eclectic psychotherapy
Developmental eclecticism,Integrative psychotherapy
Developmental eclecticism,Person-centered therapy
Developmental needs meeting strategy,Ego-state therapy
Developmental needs meeting strategy,Eye movement desensitization and reprocessing
Developmental needs meeting strategy,Gestalt therapy
Developmental needs meeting strategy,Internal Family Systems Model
Developmental needs meeting strategy,Psychosynthesis
Developmental needs meeting strategy,Transactional analysis
Diabulimia,Anorexia
Diabulimia,Body dysmorphic disorder
Diabulimia,Bulimia
Diabulimia,Cognitive behavioral therapy
Diabulimia,Family therapy
Dialectical behavior therapy,Acceptance and commitment therapy
Dialectical behavior therapy,Behaviour therapy
Dialectical behavior therapy,Borderline personality disorder
Dialectical behavior therapy,Cognitive behavioral therapy
Dialectical behavior therapy,Cognitive processing therapy
Dialectical behavior therapy,Complex post-traumatic stress disorder
Dialectical behavior therapy,Gestalt therapy
Dialectical behavior therapy,Major depressive disorder
Dialectical behavior therapy,Mentalization-based treatment
Dialectical behavior therapy,Mood disorder
Dialectical behavior therapy,Motivational interviewing
Dialectical behavior therapy,Narrative therapy
Dialectical behavior therapy,Post-traumatic stress disorder
Dialectical behavior therapy,Prolonged exposure therapy
Dialectical behavior therapy,Psychoanalysis
Dialectical behavior therapy,Psychodynamic psychotherapy
Dialectical behavior therapy,Rational emotive behavior therapy
Dialectical behavior therapy,Traumatic brain injury
Disinhibited social engagement disorder,Attention deficit hyperactivity disorder
Disinhibited social engagement disorder,Expressive therapies
Disinhibited social engagement disorder,Major depressive disorder
Disinhibited social engagement disorder,Play therapy
Disinhibited social engagement disorder,Reactive attachment disorder
Disruptive mood dysregulation disorder,Antisocial personality disorder
Disruptive mood dysregulation disorder,Attention deficit hyperactivity disorder
Disruptive mood dysregulation disorder,Autism
Disruptive mood dysregulation disorder,Bipolar disorder
Disruptive mood dysregulation disorder,Cognitive behavioral therapy
Disruptive mood dysregulation disorder,Conduct disorder
Disruptive mood dysregulation disorder,Dialectical behavior therapy
Disruptive mood dysregulation disorder,Family therapy
Disruptive mood dysregulation disorder,Generalized anxiety disorder
Disruptive mood dysregulation disorder,Hypomania
Disruptive mood dysregulation disorder,Insomnia
Disruptive mood dysregulation disorder,Intermittent explosive disorder
Disruptive mood dysregulation disorder,Major depressive disorder
Disruptive mood dysregulation disorder,Mania
Disruptive mood dysregulation disorder,Mood disorder
Disruptive mood dysregulation disorder,Oppositional defiant disorder
Dissociative amnesia,Amnesia
Dissociative amnesia,Dissociative fugue
Dissociative fugue,Amnesia
Dissociative fugue,Delirium
Dissociative fugue,Dementia
Dissociative fugue,Depersonalization-derealization disorder
Dissociative fugue,Dissociative amnesia
Dissociative fugue,Dissociative identity disorder
Dissociative fugue,Major depressive disorder
Dissociative fugue,Somatic symptom disorder
Dissociative identity disorder,Alcoholism
Dissociative identity disorder,Amnesia
Dissociative identity disorder,Anorexia
Dissociative identity disorder,Autism
Dissociative identity disorder,Bipolar disorder
Dissociative identity disorder,Borderline personality disorder
Dissociative identity disorder,Cognitive behavioral therapy
Dissociative identity disorder,Complex post-traumatic stress disorder
Dissociative identity disorder,Culture-bound syndrome
Dissociative identity disorder,Dialectical behavior therapy
Dissociative identity disorder,Dissociative amnesia
Dissociative identity disorder,Eye movement desensitization and reprocessing
Dissociative identity disorder,Hypnotherapy
Dissociative identity disorder,Insight-oriented psychotherapy
Dissociative identity disorder,Major depressive disorder
Dissociative identity disorder,Mood disorder
Dissociative identity disorder,Other and unspecified dissociative disorders
Dissociative identity disorder,Post-traumatic stress disorder
Dissociative identity disorder,Psychosis
Dissociative identity disorder,Recovered-memory therapy
Dissociative identity disorder,Schizophrenia
Dissociative identity disorder,Sleepwalking
Dissociative identity disorder,Somatic symptom disorder
Down syndrome,Alzheimer's disease
Down syndrome,Autism
Down syndrome,Catatonia
Down syndrome,Intellectual disability
Down syndrome,Stuttering
Drama therapy,Art therapy
Drama therapy,Bibliotherapy
Drama therapy,Dance therapy
Drama therapy,Expressive therapies
Drama therapy,Music therapy
Drama therapy,Narrative therapy
Drama therapy,Play therapy
Drama therapy,Psychodrama
Dreamwork,Psychoanalysis
Drug withdrawal,Alcohol withdrawal syndrome
Drug withdrawal,Caffeine withdrawal
Drug withdrawal,Cannabis use disorder
Drug withdrawal,Cocaine dependence
Drug withdrawal,Nicotine withdrawal
Drug withdrawal,Opioid withdrawal
Drug withdrawal,Psychosis
Drug withdrawal,Schizophrenia
Drug withdrawal,Substance dependence
Dyadic developmental psychotherapy,Attachment therapy
Dyadic developmental psychotherapy,Attachment-based therapy
Dyadic developmental psychotherapy,Cognitive therapy
Dyadic developmental psychotherapy,Complex post-traumatic stress disorder
Dyadic developmental psychotherapy,Reactive attachment disorder
Dynamic deconstructive psychotherapy,Alcoholism
Dynamic deconstructive psychotherapy,Borderline personality disorder
Dynamic deconstructive psychotherapy,Dialectical behavior therapy
Dyscalculia,Attention deficit hyperactivity disorder
Dyscalculia,Down syndrome
Dyscalculia,Dysgraphia
Dyscalculia,Dyslexia
Dyscalculia,Nonverbal learning disorder
Dysgraphia,Aphasia
Dysgraphia,Attention deficit hyperactivity disorder
Dysgraphia,Auditory processing disorder
Dysgraphia,Autism
Dysgraphia,Developmental coordination disorder
Dysgraphia,Dyslexia
Dysgraphia,Tourette syndrome
Dyslexia,Attention deficit hyperactivity disorder
Dyslexia,Auditory processing disorder
Dyslexia,Dementia
Dyslexia,Developmental coordination disorder
Dyslexia,Dyscalculia
Dyslexia,Dysgraphia
Dyslexia,Traumatic brain injury
Dyspareunia,Vaginismus
Dysthymia,Adjustment disorder
Dysthymia,Antisocial personality disorder
Dysthymia,Bipolar disorder
Dysthymia,Cognitive behavioral analysis system of psychotherapy
Dysthymia,Cognitive behavioral therapy
Dysthymia,Cyclothymia
Dysthymia,Delusional disorder
Dysthymia,Hypersomnia
Dysthymia,Hypomania
Dysthymia,Insomnia
Dysthymia,Interpersonal psychotherapy
Dysthymia,Major depressive disorder
Dysthymia,Mania
Dysthymia,Mixed affective state
Dysthymia,Post-traumatic stress disorder
Dysthymia,Psychodynamic psychotherapy
Dysthymia,Psychosis
Dysthymia,Schema therapy
Dysthymia,Schizophrenia
Dysthymia,Somatic symptom disorder
Eclectic psychotherapy,Behavior modification
Eclectic psychotherapy,Cognitive behavioral therapy
Eclectic psychotherapy,Developmental eclecticism
Eclectic psychotherapy,Integrative psychotherapy
Eclectic psychotherapy,Major depressive disorder
Eclectic psychotherapy,Multimodal therapy
Eclectic psychotherapy,Post-traumatic stress disorder
Eclectic psychotherapy,Psychoanalysis
Eclectic psychotherapy,Psychodynamic psychotherapy
Ego-state therapy,Coherence therapy
Ego-state therapy,Developmental needs meeting strategy
Ego-state therapy,Dissociative identity disorder
Ego-state therapy,Family therapy
Ego-state therapy,Group psychotherapy
Ego-state therapy,Internal Family Systems Model
Ego-state therapy,Schema therapy
Ego-state therapy,Transactional analysis
Emotional Freedom Techniques,Cognitive behavioral therapy
Emotional Freedom Techniques,Exposure therapy
Emotional Freedom Techniques,Eye movement desensitization and reprocessing
Emotional Freedom Techniques,Post-traumatic stress disorder
Emotional Freedom Techniques,Thought Field Therapy
Emotionally focused therapy,Attachment-based psychotherapy
Emotionally focused therapy,Behaviour therapy
Emotionally focused therapy,Cognitive behavioral therapy
Emotionally focused therapy,Coherence therapy
Emotionally focused therapy,Compassion-focused therapy
Emotionally focused therapy,Couples therapy
Emotionally focused therapy,Existential therapy
Emotionally focused therapy,Focusing (psychotherapy)
Emotionally focused therapy,Gestalt therapy
Emotionally focused therapy,Inner Relationship Focusing
Emotionally focused therapy,Integrative psychotherapy
Emotionally focused therapy,Mindfulness-based cognitive therapy
Emotionally focused therapy,Mindfulness-based stress reduction
Emotionally focused therapy,Person-centered therapy
Emotionally focused therapy,Psychodynamic psychotherapy
Emotionally focused therapy,Schema therapy
Emotionally focused therapy,Systemic therapy
Encopresis,Conduct disorder
Encopresis,Oppositional defiant disorder
Enuresis,Behaviour therapy
Enuresis,Hypnotherapy
Enuresis,Nocturnal enuresis
Erectile dysfunction,Alcoholism
Erectile dysfunction,Parkinson's disease
Erectile dysfunction,Sexual dysfunction
Erotic target location error,Body integrity dysphoria
Erotic target location error,Gender dysphoria
Erotic target location error,Pedophilia
Erotic target location error,Transvestic disorder
Evolutionary Systems Therapy,Compassion-focused therapy
Evolutionary Systems Therapy,Obsessive–compulsive personality disorder
Evolutionary Systems Therapy,Schizoid personality disorder
Evolutionary Systems Therapy,Schizotypal personality disorder
Excoriation disorder,Acceptance and commitment therapy
Excoriation disorder,Attention deficit hyperactivity disorder
Excoriation disorder,Body dysmorphic disorder
Excoriation disorder,Body-focused repetitive behavior
Excoriation disorder,Cognitive behavioral therapy
Excoriation disorder,Exposure therapy
Excoriation disorder,Major depressive disorder
Excoriation disorder,Obsessive–compulsive disorder
Excoriation disorder,Trichotillomania
Excoriation disorder,Twelve-step program
Exercise addiction,Anorexia
Exercise addiction,Bulimia
Exercise addiction,Drug withdrawal
Exercise addiction,Exposure therapy
Exercise addiction,Insomnia
Exercise addiction,Major depressive disorder
Exercise addiction,Obsessive–compulsive disorder
Exercise addiction,Substance dependence
Exhibitionism,Autism
Exhibitionism,Frotteurism
Exhibitionism,Histrionic personality disorder
Exhibitionism,Obsessive–compulsive disorder
Exhibitionism,Pedophilia
Exhibitionism,Psychosis
Exhibitionism,Schizoid personality disorder
Exhibitionism,Sexual fetishism
Exhibitionism,Voyeurism
Existential therapy,Cognitive behavioral therapy
Existential therapy,Daseinsanalysis
Existential therapy,Gestalt therapy
Existential therapy,Integrative psychotherapy
Existential therapy,Logotherapy
Existential therapy,Narrative therapy
Existential therapy,Person-centered therapy
Existential therapy,Positive psychotherapy
Existential therapy,Psychoanalysis
Exploding head syndrome,Dementia
Exploding head syndrome,Insomnia
Exploding head syndrome,Nightmare disorder
Exploding head syndrome,Post-traumatic stress disorder
Exploding head syndrome,Sleep apnea
Exposure therapy,Agoraphobia
Exposure therapy,Behaviour therapy
Exposure therapy,Cognitive behavioral therapy
Exposure therapy,Cognitive processing therapy
Exposure therapy,Eye movement desensitization and reprocessing
Exposure therapy,Generalized anxiety disorder
Exposure therapy,Narrative exposure therapy
Exposure therapy,Obsessive–compulsive disorder
Exposure therapy,Panic disorder
Exposure therapy,Post-traumatic stress disorder
Exposure therapy,Prolonged exposure therapy
Exposure therapy,Social anxiety disorder
Exposure therapy,Specific phobia
Exposure therapy,Systematic desensitization
Expressive therapies,Art therapy
Expressive therapies,Bibliotherapy
Expressive therapies,Dance therapy
Expressive therapies,Drama therapy
Expressive therapies,Guided imagery
Expressive therapies,Music therapy
Expressive therapies,Psychoanalysis
Expressive therapies,Psychodrama
Expressive therapies,Writing therapy
Eye movement desensitization and reprocessing,Cognitive behavioral therapy
Eye movement desensitization and reprocessing,Cognitive processing therapy
Eye movement desensitization and reprocessing,Complex post-traumatic stress disorder
Eye movement desensitization and reprocessing,Dissociative identity disorder
Eye movement desensitization and reprocessing,Emotional Freedom Techniques
Eye movement desensitization and reprocessing,Exposure therapy
Eye movement desensitization and reprocessing,Panic disorder
Eye movement desensitization and reprocessing,Post-traumatic stress disorder
Eye movement desensitization and reprocessing,Prolonged exposure therapy
Eye movement desensitization and reprocessing,Thought Field Therapy
Factitious disorder imposed on another,Anorexia
Factitious disorder imposed on another,Delusional disorder
Factitious disorder imposed on another,Factitious disorder imposed on self
Factitious disorder imposed on another,Folie à deux
Factitious disorder imposed on another,Hypochondria
Factitious disorder imposed on self,Attention deficit hyperactivity disorder
Factitious disorder imposed on self,Autism
Factitious disorder imposed on self,Bipolar disorder
Factitious disorder imposed on self,Borderline personality disorder
Factitious disorder imposed on self,Cognitive behavioral therapy
Factitious disorder imposed on self,Dialectical behavior therapy
Factitious disorder imposed on self,Dissociative identity disorder
Factitious disorder imposed on self,Factitious disorder imposed on another
Factitious disorder imposed on self,Functional neurological symptom disorder
Factitious disorder imposed on self,Histrionic personality disorder
Factitious disorder imposed on self,Hypochondria
Factitious disorder imposed on self,Mood disorder
Factitious disorder imposed on self,Somatic symptom disorder
Factitious disorder imposed on self,Tourette syndrome
Family Constellations,Behaviour therapy
Family Constellations,Family therapy
Family Constellations,Internal Family Systems Model
Family Constellations,Psychodynamic psychotherapy
Family therapy,Acceptance and commitment therapy
Family therapy,Alcoholism
Family therapy,Anorexia
Family therapy,Behaviour therapy
Family therapy,Bipolar disorder
Family therapy,Brief psychotherapy
Family therapy,Cognitive behavioral therapy
Family therapy,Collaborative therapy
Family therapy,Couples therapy
Family therapy,Dialectical behavior therapy
Family therapy,Drama therapy
Family therapy,Emotionally focused therapy
Family therapy,Feminist therapy
Family therapy,Gestalt therapy
Family therapy,Group analysis
Family therapy,Group psychotherapy
Family therapy,Hypnotherapy
Family therapy,Individual psychology
Family therapy,Integrative psychotherapy
Family therapy,Internal Family Systems Model
Family therapy,Interpersonal psychotherapy
Family therapy,Mindfulness-based cognitive therapy
Family therapy,Mode deactivation therapy
Family therapy,Multiple impact therapy
Family therapy,Multisystemic therapy
Family therapy,Narrative therapy
Family therapy,Play therapy
Family therapy,Psychoanalysis
Family therapy,Reality therapy
Family therapy,Schizophrenia
Family therapy,Solution-focused brief therapy
Family therapy,Strategic Family Therapy
Family therapy,Structural family therapy
Family therapy,Systematic desensitization
Family therapy,Systemic therapy
Female sexual arousal disorder,Anorgasmia
Female sexual arousal disorder,Hypoactive sexual desire disorder
Female sexual arousal disorder,Major depressive disorder
Female sexual arousal disorder,Sexual dysfunction
Feminist therapy,Trauma-informed feminist therapy
Focusing (psychotherapy),Emotionally focused therapy
Focusing (psychotherapy),Inner Relationship Focusing
Focusing (psychotherapy),Internal Family Systems Model
Focusing (psychotherapy),Method of levels
Folie à deux,Bipolar disorder
Folie à deux,Delusional disorder
Folie à deux,Dependent personality disorder
Folie à deux,Family therapy
Folie à deux,Major depressive disorder
Folie à deux,Mania
Folie à deux,Mood disorder
Folie à deux,Psychosis
Folie à deux,Tourette syndrome
Food addiction,Alcoholism
Food addiction,Behaviour therapy
Food addiction,Binge eating disorder
Food addiction,Bulimia
Food addiction,Hypersomnia
Food addiction,Insomnia
Food addiction,Other specified feeding or eating disorder
Food addiction,Twelve-step program
Forensic psychotherapy,Cognitive behavioral therapy
Forensic psychotherapy,Psychodynamic psychotherapy
Forensic psychotherapy,Therapeutic community
Frontotemporal dementia,Alzheimer's disease
Frontotemporal dementia,Aphasia
Frontotemporal dementia,Dysgraphia
Frontotemporal dementia,Generalized anxiety disorder
Frontotemporal dementia,Language disorder
Frontotemporal dementia,Parkinson's disease
Frontotemporal dementia,Schizophrenia
Frontotemporal dementia,Vascular dementia
Frotteurism,Cognitive behavioral therapy
Frotteurism,Social anxiety disorder
Functional analytic psychotherapy,Acceptance and commitment therapy
Functional analytic psychotherapy,Behavioral activation
Functional analytic psychotherapy,Behaviour therapy
Functional analytic psychotherapy,Clinical behavior analysis
Functional analytic psychotherapy,Cognitive therapy
Functional analytic psychotherapy,Dialectical behavior therapy
Functional neurological symptom disorder,Cognitive behavioral therapy
Functional neurological symptom disorder,Parkinson's disease
Functional neurological symptom disorder,Psychogenic non-epileptic seizure
Functional neurological symptom disorder,Somatic symptom disorder
Future-oriented therapy,Integrative psychotherapy
Future-oriented therapy,Solution-focused brief therapy
Ganser syndrome,Amnesia
Ganser syndrome,Dissociative fugue
Ganser syndrome,Mood disorder
Ganser syndrome,Other and unspecified dissociative disorders
Ganser syndrome,Schizophrenia
Ganser syndrome,Substance intoxication
Gay affirmative psychotherapy,Cognitive behavioral therapy
Gay affirmative psychotherapy,Conversion therapy
Gay affirmative psychotherapy,Family therapy
Gender dysphoria,Attention deficit hyperactivity disorder
Gender dysphoria,Autism
Gender dysphoria,Body dysmorphic disorder
Gender dysphoria,Conversion therapy
Gender dysphoria,Major depressive disorder
Gender dysphoria,Mood disorder
Gender dysphoria,Psychosis
Gender dysphoria,Transvestic disorder
Generalized anxiety disorder,Acceptance and commitment therapy
Generalized anxiety disorder,Alcoholism
Generalized anxiety disorder,Antisocial personality disorder
Generalized anxiety disorder,Attention deficit hyperactivity disorder
Generalized anxiety disorder,Borderline personality disorder
Generalized anxiety disorder,Cognitive behavioral therapy
Generalized anxiety disorder,Drug withdrawal
Generalized anxiety disorder,Dysthymia
Generalized anxiety disorder,Exposure therapy
Generalized anxiety disorder,Gestalt therapy
Generalized anxiety disorder,Insomnia
Generalized anxiety disorder,Journal therapy
Generalized anxiety disorder,Major depressive disorder
Generalized anxiety disorder,Metacognitive therapy
Generalized anxiety disorder,Mindfulness-based cognitive therapy
Generalized anxiety disorder,Mindfulness-based stress reduction
Generalized anxiety disorder,Motivational interviewing
Generalized anxiety disorder,Nicotine withdrawal
Generalized anxiety disorder,Obsessive–compulsive disorder
Generalized anxiety disorder,Panic disorder
Generalized anxiety disorder,Post-traumatic stress disorder
Generalized anxiety disorder,Sexual dysfunction
Generalized anxiety disorder,Social anxiety disorder
Generalized anxiety disorder,Specific phobia
Generalized anxiety disorder,Supportive psychotherapy
Generalized anxiety disorder,Transactional analysis
Gestalt theoretical psychotherapy,Gestalt therapy
Gestalt theoretical psychotherapy,Psychoanalysis
Gestalt therapy,Acceptance and commitment therapy
Gestalt therapy,Analytical psychology
Gestalt therapy,Cognitive behavioral therapy
Gestalt therapy,Emotionally focused therapy
Gestalt therapy,Existential therapy
Gestalt therapy,Psychoanalysis
Gestalt therapy,Psychodrama
Grief counseling,Complex post-traumatic stress disorder
Grief counseling,Group psychotherapy
Grief counseling,Integrative psychotherapy
Grief counseling,Major depressive disorder
Grief counseling,Post-traumatic stress disorder
Grief counseling,Prolonged grief disorder
Group analysis,Group psychotherapy
Group analysis,Psychoanalysis
Group psychotherapy,Art therapy
Group psychotherapy,Borderline personality disorder
Group psychotherapy,Cognitive behavioral therapy
Group psychotherapy,Dance therapy
Group psychotherapy,Drama therapy
Group psychotherapy,Expressive therapies
Group psychotherapy,Family therapy
Group psychotherapy,Group analysis
Group psychotherapy,Interpersonal psychotherapy
Group psychotherapy,Major depressive disorder
Group psychotherapy,Mentalization-based treatment
Group psychotherapy,Multiple impact therapy
Group psychotherapy,Music therapy
Group psychotherapy,Post-traumatic stress disorder
Group psychotherapy,Psychedelic therapy
Group psychotherapy,Psychodrama
Group psychotherapy,T-groups
Group psychotherapy,Therapeutic community
Group psychotherapy,Twelve-step program
Guided imagery,Anorexia
Guided imagery,Art therapy
Guided imagery,Attention deficit hyperactivity disorder
Guided imagery,Bipolar disorder
Guided imagery,Bulimia
Guided imagery,Cognitive behavioral therapy
Guided imagery,Dance therapy
Guided imagery,Drug withdrawal
Guided imagery,Hypnotherapy
Guided imagery,Insomnia
Guided imagery,Mania
Guided imagery,Mindfulness-based cognitive therapy
Guided imagery,Music therapy
Guided imagery,Post-traumatic stress disorder
Guided imagery,Psychoanalysis
Guided imagery,Rational emotive behavior therapy
Guided imagery,Schema therapy
Guided imagery,Schizophrenia
Guided imagery,Social anxiety disorder
HIV-associated neurocognitive disorder,Delirium
HIV-associated neurocognitive disorder,Dementia
HIV-associated neurocognitive disorder,Major depressive disorder
Habit reversal training,Behaviour therapy
Habit reversal training,Body-focused repetitive behavior
Habit reversal training,Cognitive behavioral therapy
Habit reversal training,Excoriation disorder
Habit reversal training,Stuttering
Habit reversal training,Tic disorder
Habit reversal training,Tourette syndrome
Habit reversal training,Trichotillomania
Hallucinogen persisting perception disorder,Bipolar disorder
Hallucinogen persisting perception disorder,Cognitive behavioral therapy
Hallucinogen persisting perception disorder,Generalized anxiety disorder
Hallucinogen persisting perception disorder,Hallucinogen-induced psychotic disorder
Hallucinogen persisting perception disorder,Psychosis
Hallucinogen persisting perception disorder,Schizophrenia
Hallucinogen persisting perception disorder,Substance-induced psychosis
Hallucinogen-induced psychotic disorder,Cannabis-induced psychotic disorder
Hallucinogen-induced psychotic disorder,Hallucinogen persisting perception disorder
Hallucinogen-induced psychotic disorder,Insomnia
Hallucinogen-induced psychotic disorder,Psychosis
Hallucinogen-induced psychotic disorder,Schizophrenia
Hallucinogen-induced psychotic disorder,Substance-induced psychosis
Haltlose personality disorder,Antisocial personality disorder
Haltlose personality disorder,Borderline personality disorder
Haltlose personality disorder,Dependent personality disorder
Haltlose personality disorder,Histrionic personality disorder
Haltlose personality disorder,Huntington's disease
Haltlose personality disorder,Hypochondria
Haltlose personality disorder,Hypomania
Haltlose personality disorder,Jet lag
Haltlose personality disorder,Nocturnal enuresis
Haltlose personality disorder,Other and unspecified personality disorders
Haltlose personality disorder,Pathological lying
Haltlose personality disorder,Pedophilia
Haltlose personality disorder,Schizoid personality disorder
Haltlose personality disorder,Stuttering
Heimler method of human social functioning,Person-centered therapy
Hip-hop therapy,Bibliotherapy
Hip-hop therapy,Cognitive behavioral therapy
Hip-hop therapy,Expressive therapies
Hip-hop therapy,Music therapy
Hip-hop therapy,Narrative therapy
Histrionic personality disorder,Alcoholism
Histrionic personality disorder,Anorexia
Histrionic personality disorder,Antisocial personality disorder
Histrionic personality disorder,Bipolar disorder
Histrionic personality disorder,Body dysmorphic disorder
Histrionic personality disorder,Borderline personality disorder
Histrionic personality disorder,Cognitive behavioral therapy
Histrionic personality disorder,Dependent personality disorder
Histrionic personality disorder,Exhibitionism
Histrionic personality disorder,Factitious disorder imposed on self
Histrionic personality disorder,Haltlose personality disorder
Histrionic personality disorder,Hypochondria
Histrionic personality disorder,Hypomania
Histrionic personality disorder,Major depressive disorder
Histrionic personality disorder,Mania
Histrionic personality disorder,Narcissistic personality disorder
Histrionic personality disorder,Obsessive–compulsive personality disorder
Histrionic personality disorder,Organic personality disorder
Histrionic personality disorder,Panic disorder
Histrionic personality disorder,Passive–aggressive personality disorder
Histrionic personality disorder,Problematic social media use
Histrionic personality disorder,Psychoanalysis
Histrionic personality disorder,Reactive attachment disorder
Histrionic personality disorder,Somatic symptom disorder
Hoarding disorder,Attention deficit hyperactivity disorder
Hoarding disorder,Autism
Hoarding disorder,Bipolar disorder
Hoarding disorder,Body dysmorphic disorder
Hoarding disorder,Cognitive behavioral therapy
Hoarding disorder,Excoriation disorder
Hoarding disorder,Exposure therapy
Hoarding disorder,Generalized anxiety disorder
Hoarding disorder,Group psychotherapy
Hoarding disorder,Major depressive disorder
Hoarding disorder,Motivational interviewing
Hoarding disorder,Obsessive–compulsive disorder
Hoarding disorder,Obsessive–compulsive personality disorder
Hoarding disorder,Post-traumatic stress disorder
Hoarding disorder,Schizotypal personality disorder
Hoarding disorder,Social anxiety disorder
Hoarding disorder,Trichotillomania
Human givens,Autism
Human givens,Cognitive behavioral therapy
Human givens,Exposure therapy
Human givens,Interpersonal psychotherapy
Human givens,Motivational interviewing
Human givens,Post-traumatic stress disorder
Human givens,Psychosis
Human givens,Solution-focused brief therapy
Huntington's disease,Alzheimer's disease
Huntington's disease,Bipolar disorder
Huntington's disease,Dementia
Huntington's disease,Insomnia
Huntington's disease,Major depressive disorder
Huntington's disease,Mania
Huntington's disease,Obsessive–compulsive disorder
Huntington's disease,Parkinson's disease
Huntington's disease,Psychoanalysis
Huntington's disease,Psychosis
Hypersomnia,Alzheimer's disease
Hypersomnia,Bipolar disorder
Hypersomnia,Cataplexy
Hypersomnia,Idiopathic hypersomnia
Hypersomnia,Insomnia
Hypersomnia,Kleine–Levin syndrome
Hypersomnia,Major depressive disorder
Hypersomnia,Mood disorder
Hypersomnia,Narcolepsy
Hypersomnia,Parkinson's disease
Hypersomnia,Restless legs syndrome
Hypersomnia,Sleep apnea
Hypnotherapy,Autogenic training
Hypnotherapy,Aversion therapy
Hypnotherapy,Bulimia
Hypnotherapy,Cognitive behavioral therapy
Hypnotherapy,Post-traumatic stress disorder
Hypnotherapy,Recovered-memory therapy
Hypnotherapy,Solution-focused brief therapy
Hypnotherapy,Systematic desensitization
Hypoactive sexual desire disorder,Anorgasmia
Hypoactive sexual desire disorder,Erectile dysfunction
Hypoactive sexual desire disorder,Female sexual arousal disorder
Hypoactive sexual desire disorder,Premature ejaculation
Hypoactive sexual desire disorder,Sex therapy
Hypoactive sexual desire disorder,Sexual addiction
Hypoactive sexual desire disorder,Sexual arousal disorder
Hypoactive sexual desire disorder,Sexual dysfunction
Hypoactive sexual desire disorder,Vaginismus
Hypochondria,Bipolar disorder
Hypochondria,Body dysmorphic disorder
Hypochondria,Cognitive behavioral therapy
Hypochondria,Factitious disorder imposed on self
Hypochondria,Generalized anxiety disorder
Hypochondria,Major depressive disorder
Hypochondria,Mood disorder
Hypochondria,Obsessive–compulsive disorder
Hypochondria,Panic disorder
Hypochondria,Schizophrenia
Hypochondria,Somatic symptom disorder
Hypomania,Attention deficit hyperactivity disorder
Hypomania,Autism
Hypomania,Bipolar I disorder
Hypomania,Bipolar II disorder
Hypomania,Bipolar disorder
Hypomania,Borderline personality disorder
Hypomania,Cyclothymia
Hypomania,Dysthymia
Hypomania,Major depressive disorder
Hypomania,Mania
Hypomania,Mixed affective state
Hypomania,Mood disorder
Hypomania,Narcissistic personality disorder
Hypomania,Psychosis
Hypomania,Schizoaffective disorder
Hypomania,Substance intoxication
Idiopathic hypersomnia,Cataplexy
Idiopathic hypersomnia,Cognitive behavioral therapy
Idiopathic hypersomnia,Erectile dysfunction
Idiopathic hypersomnia,Hypersomnia
Idiopathic hypersomnia,Insomnia
Idiopathic hypersomnia,Narcolepsy
Idiopathic hypersomnia,Sleep apnea
Immature personality disorder,Autism
Immature personality disorder,Dependent personality disorder
Immature personality disorder,Histrionic personality disorder
Immature personality disorder,Other and unspecified personality disorders
Immature personality disorder,Passive–aggressive personality disorder
Immature personality disorder,Sexual fetishism
Immersion therapy,Exposure therapy
Individual psychology,Family therapy
Individual psychology,Guided imagery
Individual psychology,Psychoanalysis
Inner Relationship Focusing,Ego-state therapy
Inner Relationship Focusing,Emotionally focused therapy
Inner Relationship Focusing,Focusing (psychotherapy)
Inner Relationship Focusing,Internal Family Systems Model
Insight-oriented psychotherapy,Dissociative amnesia
Insight-oriented psychotherapy,Existential therapy
Insight-oriented psychotherapy,Gestalt therapy
Insight-oriented psychotherapy,Interpersonal psychotherapy
Insight-oriented psychotherapy,Person-centered therapy
Insight-oriented psychotherapy,Psychoanalysis
Insight-oriented psychotherapy,Psychodynamic psychotherapy
Insomnia,Acceptance and commitment therapy
Insomnia,Alzheimer's disease
Insomnia,Attention deficit hyperactivity disorder
Insomnia,Autism
Insomnia,Bipolar disorder
Insomnia,Circadian rhythm sleep disorder
Insomnia,Cognitive behavioral therapy
Insomnia,Cognitive behavioral therapy for insomnia
Insomnia,Delayed sleep phase disorder
Insomnia,Dementia
Insomnia,Generalized anxiety disorder
Insomnia,Jet lag
Insomnia,Major depressive disorder
Insomnia,Obsessive–compulsive disorder
Insomnia,Opioid withdrawal
Insomnia,Parkinson's disease
Insomnia,Post-traumatic stress disorder
Insomnia,Restless legs syndrome
Insomnia,Schizophrenia
Insomnia,Sleep apnea
Insomnia,Sleepwalking
Insomnia,Substance dependence
Insomnia,Traumatic brain injury
Institutional psychotherapy,Group psychotherapy
Institutional psychotherapy,Psychoanalysis
Institutional psychotherapy,Psychosis
Integrative psychotherapy,Behaviour therapy
Integrative psychotherapy,Body psychotherapy
Integrative psychotherapy,Cognitive analytic therapy
Integrative psychotherapy,Cognitive behavioral therapy
Integrative psychotherapy,Cognitive therapy
Integrative psychotherapy,Eclectic psychotherapy
Integrative psychotherapy,Existential therapy
Integrative psychotherapy,Family therapy
Integrative psychotherapy,Gestalt therapy
Integrative psychotherapy,Hypnotherapy
Integrative psychotherapy,Interpersonal psychotherapy
Integrative psychotherapy,Multimodal therapy
Integrative psychotherapy,Multitheoretical psychotherapy
Integrative psychotherapy,Person-centered therapy
Integrative psychotherapy,Psychoanalysis
Integrative psychotherapy,Psychodynamic psychotherapy
Integrative psychotherapy,Transactional analysis
Intellectual disability,Alzheimer's disease
Intellectual disability,Autism
Intellectual disability,Chronic traumatic encephalopathy
Intellectual disability,Communication disorder
Intellectual disability,Dementia
Intellectual disability,Developmental coordination disorder
Intellectual disability,Down syndrome
Intellectual disability,Dyscalculia
Intellectual disability,Dyslexia
Intellectual disability,Major depressive disorder
Intellectual disability,Schizophrenia
Intellectual disability,Traumatic brain injury
Intensive short-term dynamic psychotherapy,Cognitive therapy
Intensive short-term dynamic psychotherapy,Psychoanalysis
Intensive short-term dynamic psychotherapy,Psychodynamic psychotherapy
Intensive short-term dynamic psychotherapy,Somatic symptom disorder
Intermittent explosive disorder,Alcohol withdrawal syndrome
Intermittent explosive disorder,Alcoholism
Intermittent explosive disorder,Alzheimer's disease
Intermittent explosive disorder,Antisocial personality disorder
Intermittent explosive disorder,Attention deficit hyperactivity disorder
Intermittent explosive disorder,Bipolar disorder
Intermittent explosive disorder,Borderline personality disorder
Intermittent explosive disorder,Cognitive behavioral therapy
Intermittent explosive disorder,Conduct disorder
Intermittent explosive disorder,Disruptive mood dysregulation disorder
Intermittent explosive disorder,Exposure therapy
Intermittent explosive disorder,Major depressive disorder
Intermittent explosive disorder,Mania
Intermittent explosive disorder,Mood disorder
Intermittent explosive disorder,Obsessive–compulsive disorder
Intermittent explosive disorder,Oppositional defiant disorder
Intermittent explosive disorder,Passive–aggressive personality disorder
Intermittent explosive disorder,Post-traumatic stress disorder
Internal Family Systems Model,Analytical psychology
Internal Family Systems Model,Cognitive behavioral therapy
Internal Family Systems Model,Cognitive therapy
Internal Family Systems Model,Complex post-traumatic stress disorder
Internal Family Systems Model,Couples therapy
Internal Family Systems Model,Family therapy
Internal Family Systems Model,Generalized anxiety disorder
Internal Family Systems Model,Gestalt therapy
Internal Family Systems Model,Major depressive disorder
Internal Family Systems Model,Panic disorder
Internal Family Systems Model,Post-traumatic stress disorder
Internal Family Systems Model,Psychoanalysis
Internal Family Systems Model,Psychodynamic psychotherapy
Internal Family Systems Model,Somatic experiencing
Internal Family Systems Model,Transactional analysis
Internet addiction disorder,Addictive personality
Internet addiction disorder,Attention deficit hyperactivity disorder
Internet addiction disorder,Cognitive behavioral therapy
Internet addiction disorder,Major depressive disorder
Internet addiction disorder,Motivational interviewing
Internet addiction disorder,Pornography addiction
Internet addiction disorder,Problem gambling
Internet addiction disorder,Problematic social media use
Internet addiction disorder,Sexual addiction
Internet addiction disorder,Social anxiety disorder
Internet addiction disorder,Twelve-step program
Internet addiction disorder,Video game addiction
Interpersonal psychoanalysis,Couples therapy
Interpersonal psychoanalysis,Family therapy
Interpersonal psychoanalysis,Interpersonal psychotherapy
Interpersonal psychoanalysis,Transactional analysis
Interpersonal psychotherapy,Bipolar disorder
Interpersonal psychotherapy,Bulimia
Interpersonal psychotherapy,Cognitive behavioral therapy
Interpersonal psychotherapy,Interpersonal psychoanalysis
Interpersonal psychotherapy,Major depressive disorder
Interpersonal psychotherapy,Post-traumatic stress disorder
Interpersonal psychotherapy,Postpartum depression
Interpersonal psychotherapy,Schizophrenia
Irregular sleep–wake rhythm disorder,Advanced sleep phase disorder
Irregular sleep–wake rhythm disorder,Alzheimer's disease
Irregular sleep–wake rhythm disorder,Circadian rhythm sleep disorder
Irregular sleep–wake rhythm disorder,Delayed sleep phase disorder
Irregular sleep–wake rhythm disorder,Dementia
Irregular sleep–wake rhythm disorder,Non-24-hour sleep–wake disorder
Jet lag,Bipolar disorder
Jet lag,Circadian rhythm sleep disorder
Jet lag,Insomnia
Jet lag,Psychosis
Jet lag,Shift work sleep disorder
Journal therapy,Expressive therapies
Journal therapy,Group psychotherapy
Journal therapy,Writing therapy
Kleine–Levin syndrome,Bipolar disorder
Kleine–Levin syndrome,Hypersomnia
Kleine–Levin syndrome,Insomnia
Kleine–Levin syndrome,Psychoanalysis
Kleptomania,Alcoholism
Kleptomania,Aversion therapy
Kleptomania,Bulimia
Kleptomania,Cognitive behavioral therapy
Kleptomania,Obsessive–compulsive disorder
Kleptomania,Pathological lying
Kleptomania,Problem gambling
Kleptomania,Pyromania
Kleptomania,Systematic desensitization
Kleptomania,Trichotillomania
Language disorder,Aphasia
Language disorder,Attention deficit hyperactivity disorder
Language disorder,Autism
Language disorder,Communication disorder
Language disorder,Down syndrome
Language disorder,Dyslexia
Logic-based therapy,Existential therapy
Logic-based therapy,Psychoanalysis
Logic-based therapy,Rational emotive behavior therapy
Logotherapy,Acceptance and commitment therapy
Logotherapy,Cognitive behavioral therapy
Logotherapy,Existential therapy
Logotherapy,Individual psychology
Logotherapy,Positive psychotherapy
Logotherapy,Psychoanalysis
Logotherapy,Schizophrenia
MDMA-assisted psychotherapy,Alcoholism
MDMA-assisted psychotherapy,Autism
MDMA-assisted psychotherapy,Cognitive behavioral therapy
MDMA-assisted psychotherapy,Cognitive processing therapy
MDMA-assisted psychotherapy,Complex post-traumatic stress disorder
MDMA-assisted psychotherapy,Eye movement desensitization and reprocessing
MDMA-assisted psychotherapy,Major depressive disorder
MDMA-assisted psychotherapy,Post-traumatic stress disorder
MDMA-assisted psychotherapy,Prolonged exposure therapy
MDMA-assisted psychotherapy,Psychedelic therapy
MDMA-assisted psychotherapy,Psychodynamic psychotherapy
Major depressive disorder,Adjustment disorder
Major depressive disorder,Alcoholism
Major depressive disorder,Alzheimer's disease
Major depressive disorder,Anorexia
Major depressive disorder,Attention deficit hyperactivity disorder
Major depressive disorder,Autism
Major depressive disorder,Bipolar II disorder
Major depressive disorder,Bipolar disorder
Major depressive disorder,Borderline personality disorder
Major depressive disorder,Cognitive behavioral therapy
Major depressive disorder,Complex post-traumatic stress disorder
Major depressive disorder,Dance therapy
Major depressive disorder,Dementia
Major depressive disorder,Dysthymia
Major depressive disorder,Family therapy
Major depressive disorder,Generalized anxiety disorder
Major depressive disorder,Hypersomnia
Major depressive disorder,Hypomania
Major depressive disorder,Insomnia
Major depressive disorder,Interpersonal psychotherapy
Major depressive disorder,Mania
Major depressive disorder,Mood disorder
Major depressive disorder,Online counseling
Major depressive disorder,Parkinson's disease
Major depressive disorder,Post-traumatic stress disorder
Major depressive disorder,Postpartum depression
Major depressive disorder,Psychedelic therapy
Major depressive disorder,Psychoanalysis
Major depressive disorder,Psychodynamic psychotherapy
Major depressive disorder,Psychosis
Major depressive disorder,Psychotic depression
Major depressive disorder,Rational emotive behavior therapy
Major depressive disorder,Recurrent brief depression
Major depressive disorder,Schizophrenia
Mania,Bipolar I disorder
Mania,Bipolar II disorder
Mania,Bipolar disorder
Mania,Catatonia
Mania,Cyclothymia
Mania,Delirium
Mania,Hypomania
Mania,Major depressive disorder
Mania,Mixed affective state
Mania,Parkinson's disease
Mania,Postpartum psychosis
Mania,Psychosis
Mania,Schizoaffective disorder
Mania,Schizophrenia
Mania,Substance intoxication
Mentalization-based treatment,Borderline personality disorder
Mentalization-based treatment,Cognitive behavioral therapy
Mentalization-based treatment,Group psychotherapy
Mentalization-based treatment,Integrative psychotherapy
Mentalization-based treatment,Mindfulness-based stress reduction
Mentalization-based treatment,Psychodynamic psychotherapy
Metacognitive therapy,Cognitive behavioral therapy
Metacognitive therapy,Generalized anxiety disorder
Metacognitive therapy,Hypochondria
Metacognitive therapy,Obsessive–compulsive disorder
Metacognitive therapy,Post-traumatic stress disorder
Metacognitive therapy,Social anxiety disorder
Metacognitive training,Borderline personality disorder
Metacognitive training,Cognitive behavioral therapy
Metacognitive training,Obsessive–compulsive disorder
Metacognitive training,Psychosis
Metacognitive training,Schizophrenia
Metaphor therapy,Insight-oriented psychotherapy
Metaphor therapy,Psychoanalysis
Method of levels,Coherence therapy
Method of levels,Focusing (psychotherapy)
Mindfulness-based cognitive therapy,Cognitive behavioral therapy
Mindfulness-based cognitive therapy,Major depressive disorder
Mindfulness-based cognitive therapy,Mindfulness-based stress reduction
Mindfulness-based stress reduction,Cognitive behavioral therapy
Mindfulness-based stress reduction,Mindfulness-based cognitive therapy
Mindfulness-based stress reduction,Yoga as therapy
Mixed affective state,Attention deficit hyperactivity disorder
Mixed affective state,Bipolar I disorder
Mixed affective state,Bipolar II disorder
Mixed affective state,Bipolar disorder
Mixed affective state,Borderline personality disorder
Mixed affective state,Cyclothymia
Mixed affective state,Hypomania
Mixed affective state,Major depressive disorder
Mixed affective state,Mania
Mode deactivation therapy,Acceptance and commitment therapy
Mode deactivation therapy,Behaviour therapy
Mode deactivation therapy,Cognitive behavioral therapy
Mode deactivation therapy,Cognitive therapy
Mode deactivation therapy,Conduct disorder
Mode deactivation therapy,Dialectical behavior therapy
Mode deactivation therapy,Family therapy
Mode deactivation therapy,Mood disorder
Mode deactivation therapy,Oppositional defiant disorder
Mode deactivation therapy,Post-traumatic stress disorder
Mood disorder,Alcoholism
Mood disorder,Anorexia
Mood disorder,Behaviour therapy
Mood disorder,Bipolar I disorder
Mood disorder,Bipolar II disorder
Mood disorder,Bipolar disorder
Mood disorder,Bipolar disorder not otherwise specified
Mood disorder,Cognitive behavioral therapy
Mood disorder,Cyclothymia
Mood disorder,Dementia
Mood disorder,Depressive personality disorder
Mood disorder,Disruptive mood dysregulation disorder
Mood disorder,Drug withdrawal
Mood disorder,Dysthymia
Mood disorder,Hypersomnia
Mood disorder,Hypomania
Mood disorder,Interpersonal psychotherapy
Mood disorder,Major depressive disorder
Mood disorder,Mania
Mood disorder,Mixed affective state
Mood disorder,Postpartum depression
Mood disorder,Premenstrual dysphoric disorder
Mood disorder,Psychosis
Mood disorder,Psychotic depression
Mood disorder,Recurrent brief depression
Mood disorder,Schizophrenia
Mood disorder,Substance intoxication
Morita therapy,Acceptance and commitment therapy
Morita therapy,Cognitive behavioral therapy
Morita therapy,Existential therapy
Morita therapy,Rational emotive behavior therapy
Motivational enhancement therapy,Alcoholism
Motivational enhancement therapy,Motivational interviewing
Motivational enhancement therapy,Reality therapy
Motivational interviewing,Behavior modification
Motivational interviewing,Cognitive behavioral therapy
Motivational interviewing,Person-centered therapy
Multimodal therapy,Behaviour therapy
Multimodal therapy,Cognitive behavioral therapy
Multimodal therapy,Cognitive therapy
Multimodal therapy,Integrative psychotherapy
Multiple impact therapy,Group psychotherapy
Multiple impact therapy,Psychoanalysis
Multisystemic therapy,Cognitive behavioral therapy
Multisystemic therapy,Motivational interviewing
Multisystemic therapy,Strategic Family Therapy
Multisystemic therapy,Structural family therapy
Multisystemic therapy,Twelve-step program
Multitheoretical psychotherapy,Integrative psychotherapy
Multitheoretical psychotherapy,Multimodal therapy
Music therapy,Alzheimer's disease
Music therapy,Aphasia
Music therapy,Art therapy
Music therapy,Cognitive behavioral therapy
Music therapy,Communication disorder
Music therapy,Existential therapy
Music therapy,Expressive therapies
Music therapy,Guided imagery
Music therapy,Mood disorder
Music therapy,Nordoff–Robbins music therapy
Music therapy,Post-traumatic stress disorder
Music therapy,Psychodynamic psychotherapy
Music therapy,Schizophrenia
Music therapy,Traumatic brain injury
Narcissistic personality disorder,Anorexia
Narcissistic personality disorder,Antisocial personality disorder
Narcissistic personality disorder,Avoidant personality disorder
Narcissistic personality disorder,Bipolar disorder
Narcissistic personality disorder,Borderline personality disorder
Narcissistic personality disorder,Catatonia
Narcissistic personality disorder,Cognitive behavioral therapy
Narcissistic personality disorder,Conduct disorder
Narcissistic personality disorder,Couples therapy
Narcissistic personality disorder,Delusional disorder
Narcissistic personality disorder,Dependent personality disorder
Narcissistic personality disorder,Dialectical behavior therapy
Narcissistic personality disorder,Group psychotherapy
Narcissistic personality disorder,Histrionic personality disorder
Narcissistic personality disorder,Hypomania
Narcissistic personality disorder,Major depressive disorder
Narcissistic personality disorder,Mania
Narcissistic personality disorder,Mentalization-based treatment
Narcissistic personality disorder,Metacognitive therapy
Narcissistic personality disorder,Mood disorder
Narcissistic personality disorder,Obsessive–compulsive personality disorder
Narcissistic personality disorder,Other and unspecified personality disorders
Narcissistic personality disorder,Paranoid personality disorder
Narcissistic personality disorder,Passive–aggressive personality disorder
Narcissistic personality disorder,Post-traumatic stress disorder
Narcissistic personality disorder,Psychoanalysis
Narcissistic personality disorder,Psychodynamic psychotherapy
Narcissistic personality disorder,Sadistic personality disorder
Narcissistic personality disorder,Schema therapy
Narcissistic personality disorder,Schizoid personality disorder
Narcissistic personality disorder,Schizotypal personality disorder
Narcissistic personality disorder,Transference-focused psychotherapy
Narcolepsy,Cataplexy
Narcolepsy,Hypersomnia
Narcolepsy,Idiopathic hypersomnia
Narcolepsy,Insomnia
Narcolepsy,Kleine–Levin syndrome
Narcolepsy,Major depressive disorder
Narcolepsy,Sleep apnea
Narcolepsy,Traumatic brain injury
Narrative exposure therapy,Cognitive behavioral therapy
Narrative exposure therapy,Exposure therapy
Narrative exposure therapy,Post-traumatic stress disorder
Narrative therapy,Brief psychotherapy
Narrative therapy,Collaborative therapy
Narrative therapy,Family therapy
Narrative therapy,Logotherapy
Narrative therapy,Person-centered therapy
Narrative therapy,Solution-focused brief therapy
Nicotine dependence,Behaviour therapy
Nicotine dependence,Drug withdrawal
Nicotine dependence,Nicotine poisoning
Nicotine dependence,Nicotine withdrawal
Nicotine dependence,Substance dependence
Nicotine poisoning,Nicotine dependence
Nicotine poisoning,Nicotine withdrawal
Nicotine withdrawal,Cognitive behavioral therapy
Nicotine withdrawal,Drug withdrawal
Nicotine withdrawal,Insomnia
Nicotine withdrawal,Nicotine dependence
Nicotine withdrawal,Substance dependence
Night eating syndrome,Anorexia
Night eating syndrome,Binge eating disorder
Night eating syndrome,Bulimia
Night eating syndrome,Generalized anxiety disorder
Night eating syndrome,Insomnia
Night eating syndrome,Major depressive disorder
Night eating syndrome,Other specified feeding or eating disorder
Night eating syndrome,Sleep apnea
Night terror,Borderline personality disorder
Night terror,Confusional arousal
Night terror,Dependent personality disorder
Night terror,Generalized anxiety disorder
Night terror,Narcolepsy
Night terror,Post-traumatic stress disorder
Night terror,Schizoid personality disorder
Night terror,Sleep apnea
Night terror,Sleepwalking
Nightmare disorder,Borderline personality disorder
Nightmare disorder,Cognitive behavioral therapy for insomnia
Nightmare disorder,Eye movement desensitization and reprocessing
Nightmare disorder,Insomnia
Nightmare disorder,Night terror
Nightmare disorder,Nocturnal enuresis
Nightmare disorder,Parkinson's disease
Nightmare disorder,Post-traumatic stress disorder
Nightmare disorder,Schizophrenia
Nightmare disorder,Sleepwalking
Nocturnal enuresis,Attention deficit hyperactivity disorder
Nocturnal enuresis,Behaviour therapy
Nocturnal enuresis,Enuresis
Nocturnal enuresis,Intellectual disability
Nocturnal enuresis,Sleep apnea
Nocturnal enuresis,Sleepwalking
Non-24-hour sleep–wake disorder,Advanced sleep phase disorder
Non-24-hour sleep–wake disorder,Bipolar disorder
Non-24-hour sleep–wake disorder,Circadian rhythm sleep disorder
Non-24-hour sleep–wake disorder,Delayed sleep phase disorder
Non-24-hour sleep–wake disorder,Insomnia
Non-24-hour sleep–wake disorder,Irregular sleep–wake rhythm disorder
Non-24-hour sleep–wake disorder,Jet lag
Non-24-hour sleep–wake disorder,Major depressive disorder
Non-24-hour sleep–wake disorder,Traumatic brain injury
Nonverbal learning disorder,Attention deficit hyperactivity disorder
Nonverbal learning disorder,Autism
Nonverbal learning disorder,Bipolar disorder
Nonverbal learning disorder,Developmental coordination disorder
Nonverbal learning disorder,Dyscalculia
Nonverbal learning disorder,Dysgraphia
Nonverbal learning disorder,Social (pragmatic) communication disorder
Nordoff–Robbins music therapy,Autism
Nordoff–Robbins music therapy,Music therapy
Nouthetic counseling,Christian counseling
Nouthetic counseling,Pastoral counseling
Nude psychotherapy,Group psychotherapy
Nude psychotherapy,T-groups
Obsessive–compulsive disorder,Acceptance and commitment therapy
Obsessive–compulsive disorder,Anorexia
Obsessive–compulsive disorder,Attention deficit hyperactivity disorder
Obsessive–compulsive disorder,Autism
Obsessive–compulsive disorder,Bipolar disorder
Obsessive–compulsive disorder,Body dysmorphic disorder
Obsessive–compulsive disorder,Body-focused repetitive behavior
Obsessive–compulsive disorder,Bulimia
Obsessive–compulsive disorder,Cognitive behavioral therapy
Obsessive–compulsive disorder,Cognitive therapy
Obsessive–compulsive disorder,Cyclothymia
Obsessive–compulsive disorder,Delayed sleep phase disorder
Obsessive–compulsive disorder,Delirium
Obsessive–compulsive disorder,Delusional disorder
Obsessive–compulsive disorder,Excoriation disorder
Obsessive–compulsive disorder,Exposure therapy
Obsessive–compulsive disorder,Generalized anxiety disorder
Obsessive–compulsive disorder,Habit reversal training
Obsessive–compulsive disorder,Hoarding disorder
Obsessive–compulsive disorder,Hypochondria
Obsessive–compulsive disorder,Hypomania
Obsessive–compulsive disorder,Major depressive disorder
Obsessive–compulsive disorder,Obsessive–compulsive personality disorder
Obsessive–compulsive disorder,Panic disorder
Obsessive–compulsive disorder,Pedophilia
Obsessive–compulsive disorder,Post-traumatic stress disorder
Obsessive–compulsive disorder,Primarily obsessional obsessive–compulsive disorder
Obsessive–compulsive disorder,Psychoanalysis
Obsessive–compulsive disorder,Psychosis
Obsessive–compulsive disorder,Schizophrenia
Obsessive–compulsive disorder,Social anxiety disorder
Obsessive–compulsive disorder,Specific phobia
Obsessive–compulsive disorder,Stereotypic movement disorder
Obsessive–compulsive disorder,Tic disorder
Obsessive–compulsive disorder,Tourette syndrome
Obsessive–compulsive disorder,Trichotillomania
Obsessive–compulsive personality disorder,Anorexia
Obsessive–compulsive personality disorder,Antisocial personality disorder
Obsessive–compulsive personality disorder,Autism
Obsessive–compulsive personality disorder,Bipolar disorder
Obsessive–compulsive personality disorder,Cognitive behavioral therapy
Obsessive–compulsive personality disorder,Cognitive therapy
Obsessive–compulsive personality disorder,Dependent personality disorder
Obsessive–compulsive personality disorder,Evolutionary Systems Therapy
Obsessive–compulsive personality disorder,Generalized anxiety disorder
Obsessive–compulsive personality disorder,Histrionic personality disorder
Obsessive–compulsive personality disorder,Hoarding disorder
Obsessive–compulsive personality disorder,Hypochondria
Obsessive–compulsive personality disorder,Interpersonal psychotherapy
Obsessive–compulsive personality disorder,Major depressive disorder
Obsessive–compulsive personality disorder,Mood disorder
Obsessive–compulsive personality disorder,Narcissistic personality disorder
Obsessive–compulsive personality disorder,Obsessive–compulsive disorder
Obsessive–compulsive personality disorder,Organic personality disorder
Obsessive–compulsive personality disorder,Other and unspecified personality disorders
Obsessive–compulsive personality disorder,Panic disorder
Obsessive–compulsive personality disorder,Paranoid personality disorder
Obsessive–compulsive personality disorder,Parkinson's disease
Obsessive–compulsive personality disorder,Passive–aggressive personality disorder
Obsessive–compulsive personality disorder,Schizoid personality disorder
Obsessive–compulsive personality disorder,Schizotypal personality disorder
Obsessive–compulsive personality disorder,Social anxiety disorder
Obsessive–compulsive personality disorder,Specific phobia
Olfactory reference syndrome,Avoidant personality disorder
Olfactory reference syndrome,Bipolar disorder
Olfactory reference syndrome,Body dysmorphic disorder
Olfactory reference syndrome,Cognitive behavioral therapy
Olfactory reference syndrome,Culture-bound syndrome
Olfactory reference syndrome,Delusional disorder
Olfactory reference syndrome,Eye movement desensitization and reprocessing
Olfactory reference syndrome,Hypochondria
Olfactory reference syndrome,Major depressive disorder
Olfactory reference syndrome,Mania
Olfactory reference syndrome,Obsessive–compulsive disorder
Olfactory reference syndrome,Psychosis
Olfactory reference syndrome,Schizophrenia
Olfactory reference syndrome,Social anxiety disorder
Olfactory reference syndrome,Somatic symptom disorder
Online counseling,Acceptance and commitment therapy
Online counseling,Cognitive behavioral therapy
Online counseling,Motivational interviewing
Online counseling,Psychosis
Opioid overdose,Major depressive disorder
Opioid overdose,Mood disorder
Opioid overdose,Motivational interviewing
Opioid overdose,Sleep apnea
Opioid overdose,Substance dependence
Opioid withdrawal,Cognitive behavioral therapy
Opioid withdrawal,Drug withdrawal
Opioid withdrawal,Insomnia
Opioid withdrawal,Restless legs syndrome
Opioid withdrawal,Substance dependence
Oppositional defiant disorder,Anorexia
Oppositional defiant disorder,Antisocial personality disorder
Oppositional defiant disorder,Attention deficit hyperactivity disorder
Oppositional defiant disorder,Autism
Oppositional defiant disorder,Bipolar disorder
Oppositional defiant disorder,Borderline personality disorder
Oppositional defiant disorder,Cognitive behavioral therapy
Oppositional defiant disorder,Conduct disorder
Oppositional defiant disorder,Disruptive mood dysregulation disorder
Oppositional defiant disorder,Family therapy
Oppositional defiant disorder,Language disorder
Oppositional defiant disorder,Major depressive disorder
Oppositional defiant disorder,Mood disorder
Oppositional defiant disorder,Obsessive–compulsive disorder
Oppositional defiant disorder,Parent management training
Oppositional defiant disorder,Psychosis
Organic personality disorder,Attention deficit hyperactivity disorder
Organic personality disorder,Delirium
Organic personality disorder,Dementia
Organic personality disorder,Huntington's disease
Organic personality disorder,Oppositional defiant disorder
Organic personality disorder,Psychosis
Organic personality disorder,Traumatic brain injury
Orthorexia nervosa,Anorexia
Orthorexia nervosa,Avoidant/restrictive food intake disorder
Orthorexia nervosa,Binge eating disorder
Orthorexia nervosa,Bulimia
Orthorexia nervosa,Obsessive–compulsive disorder
Other and unspecified dissociative disorders,Amnesia
Other and unspecified dissociative disorders,Borderline personality disorder
Other and unspecified dissociative disorders,Catatonia
Other and unspecified dissociative disorders,Complex post-traumatic stress disorder
Other and unspecified dissociative disorders,Depersonalization-derealization disorder
Other and unspecified dissociative disorders,Dissociative amnesia
Other and unspecified dissociative disorders,Dissociative identity disorder
Other and unspecified dissociative disorders,Ganser syndrome
Other and unspecified dissociative disorders,Generalized anxiety disorder
Other and unspecified dissociative disorders,Major depressive disorder
Other and unspecified dissociative disorders,Post-traumatic stress disorder
Other and unspecified dissociative disorders,Psychosis
Other and unspecified personality disorders,Antisocial personality disorder
Other and unspecified personality disorders,Dependent personality disorder
Other and unspecified personality disorders,Depressive personality disorder
Other and unspecified personality disorders,Haltlose personality disorder
Other and unspecified personality disorders,Immature personality disorder
Other and unspecified personality disorders,Mood disorder
Other and unspecified personality disorders,Narcissistic personality disorder
Other and unspecified personality disorders,Obsessive–compulsive personality disorder
Other and unspecified personality disorders,Organic personality disorder
Other and unspecified personality disorders,Other specified feeding or eating disorder
Other and unspecified personality disorders,Passive–aggressive personality disorder
Other and unspecified personality disorders,Sadistic personality disorder
Other and unspecified personality disorders,Schizoid personality disorder
Other and unspecified personality disorders,Self-defeating personality disorder
Other specified feeding or eating disorder,Anorexia
Other specified feeding or eating disorder,Avoidant/restrictive food intake disorder
Other specified feeding or eating disorder,Binge eating disorder
Other specified feeding or eating disorder,Bulimia
Other specified feeding or eating disorder,Cognitive behavioral therapy
Other specified feeding or eating disorder,Night eating syndrome
Other specified feeding or eating disorder,Pica (disorder)
Other specified feeding or eating disorder,Purging disorder
Other specified feeding or eating disorder,Rumination syndrome
Other specified feeding or eating disorder,Unspecified feeding or eating disorder
Other specified paraphilic disorder,Erotic target location error
Other specified paraphilic disorder,Sexual fetishism
Panic disorder,Agoraphobia
Panic disorder,Alcohol withdrawal syndrome
Panic disorder,Bipolar disorder
Panic disorder,Caffeine withdrawal
Panic disorder,Cognitive behavioral therapy
Panic disorder,Conduct disorder
Panic disorder,Dysthymia
Panic disorder,Generalized anxiety disorder
Panic disorder,Major depressive disorder
Panic disorder,Nicotine withdrawal
Panic disorder,Obsessive–compulsive disorder
Panic disorder,Parkinson's disease
Panic disorder,Post-traumatic stress disorder
Panic disorder,Psychodynamic psychotherapy
Panic disorder,Separation anxiety disorder
Panic disorder,Social anxiety disorder
Panic disorder,Somatic symptom disorder
Panic disorder,Specific phobia
Paranoid personality disorder,Agoraphobia
Paranoid personality disorder,Alzheimer's disease
Paranoid personality disorder,Antisocial personality disorder
Paranoid personality disorder,Avoidant personality disorder
Paranoid personality disorder,Bipolar disorder
Paranoid personality disorder,Borderline personality disorder
Paranoid personality disorder,Cognitive behavioral therapy
Paranoid personality disorder,Delusional disorder
Paranoid personality disorder,Evolutionary Systems Therapy
Paranoid personality disorder,Histrionic personality disorder
Paranoid personality disorder,Hypochondria
Paranoid personality disorder,Major depressive disorder
Paranoid personality disorder,Mood disorder
Paranoid personality disorder,Narcissistic personality disorder
Paranoid personality disorder,Obsessive–compulsive disorder
Paranoid personality disorder,Organic personality disorder
Paranoid personality disorder,Psychoanalysis
Paranoid personality disorder,Psychosis
Paranoid personality disorder,Schema therapy
Paranoid personality disorder,Schizoid personality disorder
Paranoid personality disorder,Schizophrenia
Paranoid personality disorder,Schizotypal personality disorder
Paraphrenia,Behaviour therapy
Paraphrenia,Bipolar disorder
Paraphrenia,Delusional disorder
Paraphrenia,Dementia
Paraphrenia,Hypochondria
Paraphrenia,Psychosis
Paraphrenia,Schizoaffective disorder
Paraphrenia,Schizophrenia
Parent management training,Attention deficit hyperactivity disorder
Parent management training,Autism
Parent management training,Conduct disorder
Parent management training,Oppositional defiant disorder
Parent management training,Parent–child interaction therapy
Parent management training,Tourette syndrome
Parent-infant psychotherapy,Attachment-based therapy
Parent-infant psychotherapy,Postpartum depression
Parent-infant psychotherapy,Psychoanalysis
Parent–child interaction therapy,Attention deficit hyperactivity disorder
Parent–child interaction therapy,Behaviour therapy
Parent–child interaction therapy,Conduct disorder
Parent–child interaction therapy,Major depressive disorder
Parent–child interaction therapy,Oppositional defiant disorder
Parent–child interaction therapy,Play therapy
Parent–child interaction therapy,Separation anxiety disorder
Parkinson's disease,Alzheimer's disease
Parkinson's disease,Chronic traumatic encephalopathy
Parkinson's disease,Dementia with Lewy bodies
Parkinson's disease,Frontotemporal dementia
Parkinson's disease,Insomnia
Parkinson's disease,Psychosis
Parkinson's disease,Rapid eye movement sleep behavior disorder
Parkinson's disease,Restless legs syndrome
Parkinson's disease,Sexual dysfunction
Parkinson's disease,Stuttering
Parkinson's disease,Traumatic brain injury
Passive–aggressive personality disorder,Antisocial personality disorder
Passive–aggressive personality disorder,Behaviour therapy
Passive–aggressive personality disorder,Borderline personality disorder
Passive–aggressive personality disorder,Cognitive therapy
Passive–aggressive personality disorder,Dependent personality disorder
Passive–aggressive personality disorder,Depressive personality disorder
Passive–aggressive personality disorder,Dysthymia
Passive–aggressive personality disorder,Interpersonal psychotherapy
Passive–aggressive personality disorder,Other and unspecified personality disorders
Passive–aggressive personality disorder,Psychodynamic psychotherapy
Passive–aggressive personality disorder,Sadistic personality disorder
Passive–aggressive personality disorder,Supportive psychotherapy
Pastoral counseling,Christian counseling
Pastoral counseling,Nouthetic counseling
Pathological lying,Antisocial personality disorder
Pathological lying,Attention deficit hyperactivity disorder
Pathological lying,Factitious disorder imposed on self
Pathological lying,Frontotemporal dementia
Pathological lying,Ganser syndrome
Pathological lying,Haltlose personality disorder
Pathological lying,Histrionic personality disorder
Pathological lying,Narcissistic personality disorder
Pedophilia,Cognitive behavioral therapy
Pedophilia,Dementia
Pedophilia,Frotteurism
Pedophilia,Voyeurism
Persistent genital arousal disorder,Delayed ejaculation
Persistent genital arousal disorder,Female sexual arousal disorder
Persistent genital arousal disorder,Restless legs syndrome
Persistent genital arousal disorder,Sexual dysfunction
Persistent genital arousal disorder,Vaginismus
Person-centered therapy,Cognitive behavioral therapy
Person-centered therapy,Existential therapy
Person-centered therapy,Individual psychology
Person-centered therapy,Psychoanalysis
Person-centered therapy,Psychodynamic psychotherapy
Pervasive developmental disorder,Autism
Phantom limb,Biofeedback
Pica (disorder),Autism
Pica (disorder),Aversion therapy
Pica (disorder),Culture-bound syndrome
Pica (disorder),Intellectual disability
Pica (disorder),Kleine–Levin syndrome
Pica (disorder),Obsessive–compulsive disorder
Pica (disorder),Schizophrenia
Play therapy,Analytical psychology
Play therapy,Art therapy
Play therapy,Attention deficit hyperactivity disorder
Play therapy,Autism
Play therapy,Biofeedback
Play therapy,Child psychotherapy
Play therapy,Cognitive behavioral therapy
Play therapy,Drama therapy
Play therapy,Exposure therapy
Play therapy,Major depressive disorder
Play therapy,Music therapy
Play therapy,Person-centered therapy
Play therapy,Post-traumatic stress disorder
Play therapy,Psychodynamic psychotherapy
Play therapy,Video game addiction
Pornography addiction,Acceptance and commitment therapy
Pornography addiction,Cognitive analytic therapy
Pornography addiction,Cognitive behavioral therapy
Pornography addiction,Conversion therapy
Pornography addiction,Drug withdrawal
Pornography addiction,Eclectic psychotherapy
Pornography addiction,Problem gambling
Pornography addiction,Sexual addiction
Pornography addiction,Structural family therapy
Pornography addiction,Substance dependence
Pornography addiction,Twelve-step program
Pornography addiction,Video game addiction
Positive psychotherapy,Behaviour therapy
Positive psychotherapy,Cognitive behavioral therapy
Positive psychotherapy,Family therapy
Positive psychotherapy,Hypnotherapy
Positive psychotherapy,Integrative psychotherapy
Positive psychotherapy,Psychoanalysis
Positive psychotherapy,Psychodynamic psychotherapy
Positive psychotherapy,Systemic therapy
Post-traumatic embitterment disorder,Adjustment disorder
Post-traumatic embitterment disorder,Complex post-traumatic stress disorder
Post-traumatic embitterment disorder,Major depressive disorder
Post-traumatic embitterment disorder,Post-traumatic stress disorder
Post-traumatic embitterment disorder,Schizophrenia
Post-traumatic embitterment disorder,Schizotypal personality disorder
Post-traumatic stress disorder,Acute stress reaction
Post-traumatic stress disorder,Adjustment disorder
Post-traumatic stress disorder,Alcoholism
Post-traumatic stress disorder,Art therapy
Post-traumatic stress disorder,Behaviour therapy
Post-traumatic stress disorder,Bipolar I disorder
Post-traumatic stress disorder,Cognitive behavioral therapy
Post-traumatic stress disorder,Cognitive processing therapy
Post-traumatic stress disorder,Complex post-traumatic stress disorder
Post-traumatic stress disorder,Dissociative amnesia
Post-traumatic stress disorder,Exposure therapy
Post-traumatic stress disorder,Eye movement desensitization and reprocessing
Post-traumatic stress disorder,MDMA-assisted psychotherapy
Post-traumatic stress disorder,Major depressive disorder
Post-traumatic stress disorder,Mood disorder
Post-traumatic stress disorder,Narrative exposure therapy
Post-traumatic stress disorder,Obsessive–compulsive disorder
Post-traumatic stress disorder,Play therapy
Post-traumatic stress disorder,Post-traumatic embitterment disorder
Post-traumatic stress disorder,Prolonged exposure therapy
Post-traumatic stress disorder,Psychosis
Post-traumatic stress disorder,Schizoaffective disorder
Post-traumatic stress disorder,Schizophrenia
Post-traumatic stress disorder,Substance dependence
Post-traumatic stress disorder,Trauma focused cognitive behavioral therapy
Post-traumatic stress disorder,Traumatic brain injury
Postpartum depression,Bipolar disorder
Postpartum depression,Catatonia
Postpartum depression,Cognitive behavioral therapy
Postpartum depression,Insomnia
Postpartum depression,Interpersonal psychotherapy
Postpartum depression,Major depressive disorder
Postpartum depression,Mania
Postpartum depression,Mixed affective state
Postpartum depression,Mood disorder
Postpartum depression,Music therapy
Postpartum depression,Postpartum psychosis
Postpartum depression,Psychodynamic psychotherapy
Postpartum depression,Psychosis
Postpartum depression,Psychotic depression
Postpartum psychosis,Alcoholism
Postpartum psychosis,Amnesia
Postpartum psychosis,Aphasia
Postpartum psychosis,Bipolar I disorder
Postpartum psychosis,Bipolar disorder
Postpartum psychosis,Brief psychotic disorder
Postpartum psychosis,Catatonia
Postpartum psychosis,Delirium
Postpartum psychosis,Delusional misidentification syndrome
Postpartum psychosis,Hypomania
Postpartum psychosis,Insomnia
Postpartum psychosis,Mania
Postpartum psychosis,Obsessive–compulsive disorder
Postpartum psychosis,Post-traumatic stress disorder
Postpartum psychosis,Postpartum depression
Postpartum psychosis,Psychosis
Postpartum psychosis,Schizophrenia
Postpartum psychosis,Somatic symptom disorder
Postural Integration,Analytical psychology
Postural Integration,Breathwork (New Age)
Postural Integration,Drama therapy
Postural Integration,Gestalt therapy
Postural Integration,Rolfing
Postural Integration,Vegetotherapy
Premature ejaculation,Anorgasmia
Premature ejaculation,Delayed ejaculation
Premature ejaculation,Erectile dysfunction
Premature ejaculation,Psychoanalysis
Premature ejaculation,Sexual dysfunction
Premenstrual dysphoric disorder,Cognitive behavioral therapy
Premenstrual dysphoric disorder,Culture-bound syndrome
Premenstrual dysphoric disorder,Dysthymia
Premenstrual dysphoric disorder,Major depressive disorder
Premenstrual dysphoric disorder,Mood disorder
Premenstrual dysphoric disorder,Panic disorder
Premenstrual dysphoric disorder,Postpartum depression
Primal Integration,Primal therapy
Primal therapy,Attachment therapy
Primal therapy,Primal Integration
Primarily obsessional obsessive–compulsive disorder,Acceptance and commitment therapy
Primarily obsessional obsessive–compulsive disorder,Aversion therapy
Primarily obsessional obsessive–compulsive disorder,Cognitive behavioral therapy
Primarily obsessional obsessive–compulsive disorder,Cognitive therapy
Primarily obsessional obsessive–compulsive disorder,Exposure therapy
Primarily obsessional obsessive–compulsive disorder,Hypochondria
Primarily obsessional obsessive–compulsive disorder,Metacognitive therapy
Primarily obsessional obsessive–compulsive disorder,Obsessive–compulsive disorder
Problem gambling,Cognitive behavioral therapy
Problem gambling,Drug withdrawal
Problem gambling,Kleptomania
Problem gambling,Metacognitive training
Problem gambling,Mood disorder
Problem gambling,Motivational interviewing
Problem gambling,Obsessive–compulsive disorder
Problem gambling,Substance dependence
Problem gambling,Twelve-step program
Problem gambling,Video game addiction
Problematic social media use,Attention deficit hyperactivity disorder
Problematic social media use,Cognitive behavioral therapy
Problematic social media use,Internet addiction disorder
Problematic social media use,Video game addiction
Process-oriented psychology,Analytical psychology
Process-oriented psychology,Body psychotherapy
Process-oriented psychology,Focusing (psychotherapy)
Process-oriented psychology,Gestalt therapy
Process-oriented psychology,Play therapy
Progressive counting,Counting method
Progressive counting,Eye movement desensitization and reprocessing
Prolonged exposure therapy,Behaviour therapy
Prolonged exposure therapy,Cognitive behavioral therapy
Prolonged exposure therapy,Dialectical behavior therapy
Prolonged exposure therapy,Exposure therapy
Prolonged exposure therapy,Eye movement desensitization and reprocessing
Prolonged exposure therapy,Post-traumatic stress disorder
Prolonged grief disorder,Borderline personality disorder
Prolonged grief disorder,Cognitive behavioral therapy
Prolonged grief disorder,Exposure therapy
Prolonged grief disorder,Generalized anxiety disorder
Prolonged grief disorder,Grief counseling
Prolonged grief disorder,Group psychotherapy
Prolonged grief disorder,Interpersonal psychotherapy
Prolonged grief disorder,Major depressive disorder
Prolonged grief disorder,Post-traumatic stress disorder
Prolonged grief disorder,Separation anxiety disorder
Prolonged grief disorder,Somatic symptom disorder
Psychedelic therapy,Alcoholism
Psychedelic therapy,Autism
Psychedelic therapy,Bipolar I disorder
Psychedelic therapy,Body dysmorphic disorder
Psychedelic therapy,Cognitive behavioral therapy
Psychedelic therapy,Exposure therapy
Psychedelic therapy,Group psychotherapy
Psychedelic therapy,Major depressive disorder
Psychedelic therapy,Motivational enhancement therapy
Psychedelic therapy,Obsessive–compulsive disorder
Psychedelic therapy,Post-traumatic stress disorder
Psychedelic therapy,Psychoanalysis
Psychedelic therapy,Schizoaffective disorder
Psychedelic therapy,Schizophrenia
Psychedelic therapy,Substance dependence
Psychoanalysis,Analytical psychology
Psychoanalysis,Anorexia
Psychoanalysis,Art therapy
Psychoanalysis,Bulimia
Psychoanalysis,Cognitive behavioral therapy
Psychoanalysis,Individual psychology
Psychoanalysis,Mentalization-based treatment
Psychoanalysis,Obsessive–compulsive disorder
Psychoanalysis,Panic disorder
Psychoanalysis,Play therapy
Psychoanalysis,Post-traumatic stress disorder
Psychoanalysis,Psychodynamic psychotherapy
Psychoanalysis,Schizophrenia
Psychoanalysis,Sexual dysfunction
Psychoanalysis,Somatic symptom disorder
Psychoanalysis,Specific phobia
Psychoanalysis,Transference-focused psychotherapy
Psychodrama,Drama therapy
Psychodrama,Expressive therapies
Psychodrama,Gestalt therapy
Psychodrama,Group psychotherapy
Psychodrama,Play therapy
Psychodynamic psychotherapy,Adjustment disorder
Psychodynamic psychotherapy,Cognitive behavioral therapy
Psychodynamic psychotherapy,Family therapy
Psychodynamic psychotherapy,Group psychotherapy
Psychodynamic psychotherapy,Intensive short-term dynamic psychotherapy
Psychodynamic psychotherapy,Major depressive disorder
Psychodynamic psychotherapy,Post-traumatic stress disorder
Psychodynamic psychotherapy,Psychoanalysis
Psychodynamic psychotherapy,Somatic symptom disorder
Psychogenic non-epileptic seizure,Avoidant personality disorder
Psychogenic non-epileptic seizure,Borderline personality disorder
Psychogenic non-epileptic seizure,Cognitive behavioral therapy
Psychogenic non-epileptic seizure,Dependent personality disorder
Psychogenic non-epileptic seizure,Functional neurological symptom disorder
Psychogenic non-epileptic seizure,Interpersonal psychotherapy
Psychogenic non-epileptic seizure,Major depressive disorder
Psychogenic non-epileptic seizure,Mindfulness-based cognitive therapy
Psychogenic non-epileptic seizure,Mood disorder
Psychogenic non-epileptic seizure,Obsessive–compulsive personality disorder
Psychogenic non-epileptic seizure,Post-traumatic stress disorder
Psychogenic non-epileptic seizure,Stuttering
Psychogenic non-epileptic seizure,Traumatic brain injury
Psychosis,Acceptance and commitment therapy
Psychosis,Alcoholic hallucinosis
Psychosis,Alcoholism
Psychosis,Alzheimer's disease
Psychosis,Aphasia
Psychosis,Attention deficit hyperactivity disorder
Psychosis,Autism
Psychosis,Bipolar I disorder
Psychosis,Bipolar II disorder
Psychosis,Bipolar disorder
Psychosis,Body dysmorphic disorder
Psychosis,Borderline personality disorder
Psychosis,Brief psychotic disorder
Psychosis,Cannabis-induced psychotic disorder
Psychosis,Catatonia
Psychosis,Cognitive behavioral therapy
Psychosis,Cyclothymia
Psychosis,Delirium
Psychosis,Delusional disorder
Psychosis,Delusional misidentification syndrome
Psychosis,Dementia
Psychosis,Dementia with Lewy bodies
Psychosis,Dissociative identity disorder
Psychosis,Drug withdrawal
Psychosis,Folie à deux
Psychosis,Frontotemporal dementia
Psychosis,Generalized anxiety disorder
Psychosis,Hallucinogen-induced psychotic disorder
Psychosis,Major depressive disorder
Psychosis,Mania
Psychosis,Metacognitive training
Psychosis,Mixed affective state
Psychosis,Mood disorder
Psychosis,Narcissistic personality disorder
Psychosis,Narcolepsy
Psychosis,Obsessive–compulsive disorder
Psychosis,Panic disorder
Psychosis,Paranoid personality disorder
Psychosis,Paraphrenia
Psychosis,Parkinson's disease
Psychosis,Post-traumatic stress disorder
Psychosis,Postpartum psychosis
Psychosis,Psychotic depression
Psychosis,Schizoaffective disorder
Psychosis,Schizophrenia
Psychosis,Schizophreniform disorder
Psychosis,Schizotypal personality disorder
Psychosis,Social anxiety disorder
Psychosis,Stimulant psychosis
Psychosis,Substance intoxication
Psychosis,Substance-induced psychosis
Psychosis,Traumatic brain injury
Psychosynthesis,Analytical psychology
Psychosynthesis,Art therapy
Psychosynthesis,Drama therapy
Psychosynthesis,Existential therapy
Psychosynthesis,Gestalt therapy
Psychosynthesis,Group psychotherapy
Psychosynthesis,Guided imagery
Psychosynthesis,Psychoanalysis
Psychotic depression,Bipolar disorder
Psychotic depression,Cognitive behavioral therapy
Psychotic depression,Major depressive disorder
Psychotic depression,Psychosis
Psychotic depression,Schizoaffective disorder
Psychotic depression,Schizophrenia
Pulsing (bodywork),Body psychotherapy
Pulsing (bodywork),Postural Integration
Purging disorder,Bulimia
Purging disorder,Cognitive behavioral therapy
Purging disorder,Other specified feeding or eating disorder
Pyromania,Bipolar disorder
Pyromania,Cognitive therapy
Pyromania,Family therapy
Pyromania,Intellectual disability
Pyromania,Obsessive–compulsive disorder
Rapid eye movement sleep behavior disorder,Alcohol withdrawal syndrome
Rapid eye movement sleep behavior disorder,Circadian rhythm sleep disorder
Rapid eye movement sleep behavior disorder,Dementia
Rapid eye movement sleep behavior disorder,Dementia with Lewy bodies
Rapid eye movement sleep behavior disorder,Drug withdrawal
Rapid eye movement sleep behavior disorder,Major depressive disorder
Rapid eye movement sleep behavior disorder,Narcolepsy
Rapid eye movement sleep behavior disorder,Night terror
Rapid eye movement sleep behavior disorder,Parkinson's disease
Rapid eye movement sleep behavior disorder,Sexual dysfunction
Rapid eye movement sleep behavior disorder,Sleep apnea
Rapid eye movement sleep behavior disorder,Sleepwalking
Rational emotive behavior therapy,Cognitive behavioral therapy
Rational emotive behavior therapy,Cognitive therapy
Rational emotive behavior therapy,Family therapy
Rational emotive behavior therapy,Group psychotherapy
Rational emotive behavior therapy,Individual psychology
Rational emotive behavior therapy,Major depressive disorder
Rational emotive behavior therapy,Multimodal therapy
Rational emotive behavior therapy,Psychoanalysis
Rational emotive behavior therapy,Substance dependence
Rational living therapy,Cognitive behavioral therapy
Rational living therapy,Cognitive therapy
Rational living therapy,Hypnotherapy
Rational living therapy,Rational emotive behavior therapy
Re-evaluation counseling,Co-counselling
Reactive attachment disorder,Attachment therapy
Reactive attachment disorder,Autism
Reactive attachment disorder,Borderline personality disorder
Reactive attachment disorder,Conduct disorder
Reactive attachment disorder,Disinhibited social engagement disorder
Reactive attachment disorder,Family therapy
Reactive attachment disorder,Intellectual disability
Reactive attachment disorder,Oppositional defiant disorder
Reactive attachment disorder,Pervasive developmental disorder
Reactive attachment disorder,Post-traumatic stress disorder
Reactive attachment disorder,Social anxiety disorder
Reality therapy,Person-centered therapy
Reality therapy,Post-traumatic stress disorder
Reality therapy,Psychoanalysis
Reality therapy,Re-evaluation counseling
Reality therapy,Transactional analysis
Recovered-memory therapy,Amnesia
Recovered-memory therapy,Behaviour therapy
Recovered-memory therapy,Eye movement desensitization and reprocessing
Recovered-memory therapy,Guided imagery
Recovered-memory therapy,Psychoanalysis
Recovered-memory therapy,Writing therapy
Recurrent brief depression,Bipolar disorder
Recurrent brief depression,Borderline personality disorder
Recurrent brief depression,Dysthymia
Recurrent brief depression,Hypersomnia
Recurrent brief depression,Hypomania
Recurrent brief depression,Major depressive disorder
Recurrent brief depression,Mood disorder
Regulation-focused psychotherapy for children,Attention deficit hyperactivity disorder
Regulation-focused psychotherapy for children,Behavior modification
Regulation-focused psychotherapy for children,Cognitive behavioral therapy
Regulation-focused psychotherapy for children,Conduct disorder
Regulation-focused psychotherapy for children,Disruptive mood dysregulation disorder
Regulation-focused psychotherapy for children,Oppositional defiant disorder
Regulation-focused psychotherapy for children,Play therapy
Regulation-focused psychotherapy for children,Psychodynamic psychotherapy
Reichian therapy,Body psychotherapy
Reichian therapy,Vegetotherapy
Reminiscence therapy,Alzheimer's disease
Reminiscence therapy,Dementia
Reminiscence therapy,Interpersonal psychotherapy
Reminiscence therapy,Vascular dementia
Remote therapy,Cognitive behavioral therapy
Remote therapy,Couples therapy
Restless legs syndrome,Alcohol withdrawal syndrome
Restless legs syndrome,Attention deficit hyperactivity disorder
Restless legs syndrome,Opioid withdrawal
Restless legs syndrome,Parkinson's disease
Restless legs syndrome,Problem gambling
Restless legs syndrome,Sleep apnea
Rumination syndrome,Bulimia
Rumination syndrome,Pica (disorder)
Sadistic personality disorder,Alcoholism
Sadistic personality disorder,Antisocial personality disorder
Sadistic personality disorder,Avoidant personality disorder
Sadistic personality disorder,Borderline personality disorder
Sadistic personality disorder,Conduct disorder
Sadistic personality disorder,Obsessive–compulsive personality disorder
Sadistic personality disorder,Passive–aggressive personality disorder
Sadistic personality disorder,Self-defeating personality disorder
Sadistic personality disorder,Sexual sadism disorder
Satitherapy,Person-centered therapy
Satitherapy,Psychodrama
Schema therapy,Behaviour therapy
Schema therapy,Borderline personality disorder
Schema therapy,Cognitive behavioral therapy
Schema therapy,Cognitive therapy
Schema therapy,Gestalt therapy
Schema therapy,Integrative psychotherapy
Schema therapy,Psychoanalysis
Schema therapy,Psychodrama
Schema therapy,Psychodynamic psychotherapy
Schema therapy,Transference-focused psychotherapy
Schizoaffective disorder,Attention deficit hyperactivity disorder
Schizoaffective disorder,Bipolar I disorder
Schizoaffective disorder,Bipolar disorder
Schizoaffective disorder,Cognitive behavioral therapy
Schizoaffective disorder,Delirium
Schizoaffective disorder,Dissociative identity disorder
Schizoaffective disorder,Hypomania
Schizoaffective disorder,Mania
Schizoaffective disorder,Mixed affective state
Schizoaffective disorder,Mood disorder
Schizoaffective disorder,Psychoanalysis
Schizoaffective disorder,Psychosis
Schizoaffective disorder,Psychotic depression
Schizoaffective disorder,Schizophrenia
Schizoaffective disorder,Schizophreniform disorder
Schizoaffective disorder,Substance-induced psychosis
Schizoid personality disorder,Agoraphobia
Schizoid personality disorder,Alcoholism
Schizoid personality disorder,Antisocial personality disorder
Schizoid personality disorder,Attention deficit hyperactivity disorder
Schizoid personality disorder,Autism
Schizoid personality disorder,Avoidant personality disorder
Schizoid personality disorder,Biofeedback
Schizoid personality disorder,Bipolar disorder
Schizoid personality disorder,Borderline personality disorder
Schizoid personality disorder,Cognitive behavioral therapy
Schizoid personality disorder,Delusional disorder
Schizoid personality disorder,Dependent personality disorder
Schizoid personality disorder,Depressive personality disorder
Schizoid personality disorder,Evolutionary Systems Therapy
Schizoid personality disorder,Generalized anxiety disorder
Schizoid personality disorder,Histrionic personality disorder
Schizoid personality disorder,Hypochondria
Schizoid personality disorder,Major depressive disorder
Schizoid personality disorder,Narcissistic personality disorder
Schizoid personality disorder,Obsessive–compulsive disorder
Schizoid personality disorder,Obsessive–compulsive personality disorder
Schizoid personality disorder,Panic disorder
Schizoid personality disorder,Paranoid personality disorder
Schizoid personality disorder,Person-centered therapy
Schizoid personality disorder,Pervasive developmental disorder
Schizoid personality disorder,Post-traumatic stress disorder
Schizoid personality disorder,Psychodynamic psychotherapy
Schizoid personality disorder,Psychosis
Schizoid personality disorder,Psychotic depression
Schizoid personality disorder,Schizophrenia
Schizoid personality disorder,Schizotypal personality disorder
Schizoid personality disorder,Social anxiety disorder
Schizoid personality disorder,Traumatic brain injury
Schizoid personality disorder,Voyeurism
Schizophrenia,Alcoholic hallucinosis
Schizophrenia,Alzheimer's disease
Schizophrenia,Antisocial personality disorder
Schizophrenia,Autism
Schizophrenia,Avoidant personality disorder
Schizophrenia,Bipolar disorder
Schizophrenia,Borderline personality disorder
Schizophrenia,Brief psychotic disorder
Schizophrenia,Catatonia
Schizophrenia,Cognitive behavioral therapy
Schizophrenia,Delirium
Schizophrenia,Delusional disorder
Schizophrenia,Dementia
Schizophrenia,Disruptive mood dysregulation disorder
Schizophrenia,Drug withdrawal
Schizophrenia,Expressive therapies
Schizophrenia,Family therapy
Schizophrenia,Frontotemporal dementia
Schizophrenia,Group psychotherapy
Schizophrenia,HIV-associated neurocognitive disorder
Schizophrenia,Huntington's disease
Schizophrenia,Major depressive disorder
Schizophrenia,Metacognitive training
Schizophrenia,Mood disorder
Schizophrenia,Obsessive–compulsive disorder
Schizophrenia,Post-traumatic stress disorder
Schizophrenia,Psychosis
Schizophrenia,Psychotic depression
Schizophrenia,Schizoaffective disorder
Schizophrenia,Schizoid personality disorder
Schizophrenia,Schizophreniform disorder
Schizophrenia,Schizotypal personality disorder
Schizophrenia,Social anxiety disorder
Schizophrenia,Stimulant psychosis
Schizophrenia,Substance intoxication
Schizophrenia,Substance-induced psychosis
Schizophreniform disorder,Aphasia
Schizophreniform disorder,Bipolar disorder
Schizophreniform disorder,Brief psychotic disorder
Schizophreniform disorder,Catatonia
Schizophreniform disorder,Cognitive behavioral therapy
Schizophreniform disorder,Family therapy
Schizophreniform disorder,Group psychotherapy
Schizophreniform disorder,Insight-oriented psychotherapy
Schizophreniform disorder,Interpersonal psychotherapy
Schizophreniform disorder,Psychosis
Schizophreniform disorder,Schizophrenia
Schizophreniform disorder,Supportive psychotherapy
Schizotypal personality disorder,Antisocial personality disorder
Schizotypal personality disorder,Attention deficit hyperactivity disorder
Schizotypal personality disorder,Autism
Schizotypal personality disorder,Avoidant personality disorder
Schizotypal personality disorder,Bipolar disorder
Schizotypal personality disorder,Borderline personality disorder
Schizotypal personality disorder,Cognitive behavioral therapy
Schizotypal personality disorder,Communication disorder
Schizotypal personality disorder,Delusional disorder
Schizotypal personality disorder,Dependent personality disorder
Schizotypal personality disorder,Depressive personality disorder
Schizotypal personality disorder,Dissociative identity disorder
Schizotypal personality disorder,Dysthymia
Schizotypal personality disorder,Evolutionary Systems Therapy
Schizotypal personality disorder,Major depressive disorder
Schizotypal personality disorder,Metacognitive therapy
Schizotypal personality disorder,Mood disorder
Schizotypal personality disorder,Narcissistic personality disorder
Schizotypal personality disorder,Obsessive–compulsive disorder
Schizotypal personality disorder,Organic personality disorder
Schizotypal personality disorder,Paranoid personality disorder
Schizotypal personality disorder,Passive–aggressive personality disorder
Schizotypal personality disorder,Post-traumatic stress disorder
Schizotypal personality disorder,Psychoanalysis
Schizotypal personality disorder,Psychosis
Schizotypal personality disorder,Schizoid personality disorder
Schizotypal personality disorder,Schizophrenia
Schizotypal personality disorder,Social anxiety disorder
School-based family counseling,Family therapy
Selective mutism,Autism
Selective mutism,Cognitive behavioral therapy
Selective mutism,Communication disorder
Selective mutism,Intellectual disability
Selective mutism,Sensory processing disorder
Selective mutism,Social anxiety disorder
Self-defeating personality disorder,Avoidant personality disorder
Self-defeating personality disorder,Borderline personality disorder
Self-defeating personality disorder,Dependent personality disorder
Self-defeating personality disorder,Depressive personality disorder
Self-defeating personality disorder,Dysthymia
Self-defeating personality disorder,Histrionic personality disorder
Self-defeating personality disorder,Major depressive disorder
Self-defeating personality disorder,Other and unspecified personality disorders
Self-defeating personality disorder,Passive–aggressive personality disorder
Self-defeating personality disorder,Sadistic personality disorder
Sensory integration therapy,Attention deficit hyperactivity disorder
Sensory integration therapy,Autism
Sensory integration therapy,Developmental coordination disorder
Sensory integration therapy,Music therapy
Sensory integration therapy,Sensory processing disorder
Sensory processing disorder,Attention deficit hyperactivity disorder
Sensory processing disorder,Auditory processing disorder
Sensory processing disorder,Autism
Sensory processing disorder,Catatonia
Sensory processing disorder,Developmental coordination disorder
Sensory processing disorder,Music therapy
Sensory processing disorder,Sensory integration therapy
Sensory processing disorder,Tourette syndrome
Separation anxiety disorder,Cognitive behavioral therapy
Separation anxiety disorder,Exposure therapy
Separation anxiety disorder,Family therapy
Separation anxiety disorder,Generalized anxiety disorder
Separation anxiety disorder,Guided imagery
Separation anxiety disorder,Obsessive–compulsive disorder
Separation anxiety disorder,Panic disorder
Separation anxiety disorder,Post-traumatic stress disorder
Separation anxiety disorder,Psychodynamic psychotherapy
Separation anxiety disorder,Social anxiety disorder
Separation anxiety disorder,Specific phobia
Separation anxiety disorder,Systematic desensitization
Sex therapy,Alzheimer's disease
Sex therapy,Cognitive behavioral therapy
Sex therapy,Delayed ejaculation
Sex therapy,Dementia
Sex therapy,Dyspareunia
Sex therapy,Erectile dysfunction
Sex therapy,Gender dysphoria
Sex therapy,Premature ejaculation
Sex therapy,Psychodrama
Sex therapy,Psychodynamic psychotherapy
Sex therapy,Sexual dysfunction
Sex therapy,Vaginismus
Sexual addiction,Alcoholism
Sexual addiction,Borderline personality disorder
Sexual addiction,Cognitive behavioral therapy
Sexual addiction,Conversion therapy
Sexual addiction,Couples therapy
Sexual addiction,Dialectical behavior therapy
Sexual addiction,Drug withdrawal
Sexual addiction,Obsessive–compulsive disorder
Sexual addiction,Pornography addiction
Sexual addiction,Sex therapy
Sexual addiction,Substance dependence
Sexual addiction,Twelve-step program
Sexual arousal disorder,Erectile dysfunction
Sexual arousal disorder,Female sexual arousal disorder
Sexual arousal disorder,Hypoactive sexual desire disorder
Sexual arousal disorder,Sex therapy
Sexual dysfunction,Anorgasmia
Sexual dysfunction,Aphasia
Sexual dysfunction,Cognitive behavioral therapy
Sexual dysfunction,Couples therapy
Sexual dysfunction,Culture-bound syndrome
Sexual dysfunction,Delayed ejaculation
Sexual dysfunction,Dyspareunia
Sexual dysfunction,Erectile dysfunction
Sexual dysfunction,Female sexual arousal disorder
Sexual dysfunction,Hypoactive sexual desire disorder
Sexual dysfunction,Major depressive disorder
Sexual dysfunction,Panic disorder
Sexual dysfunction,Persistent genital arousal disorder
Sexual dysfunction,Post-traumatic stress disorder
Sexual dysfunction,Premature ejaculation
Sexual dysfunction,Sex therapy
Sexual dysfunction,Sexual addiction
Sexual dysfunction,Sexual arousal disorder
Sexual dysfunction,Vaginismus
Sexual fetishism,Aversion therapy
Sexual fetishism,Cognitive behavioral therapy
Sexual fetishism,Couples therapy
Sexual fetishism,Other specified paraphilic disorder
Sexual fetishism,Transvestic disorder
Sexual identity therapy,Conversion therapy
Sexual identity therapy,Gay affirmative psychotherapy
Sexual sadism disorder,Conduct disorder
Sexual sadism disorder,Pornography addiction
Sexual sadism disorder,Sadistic personality disorder
Sexual sadism disorder,Sexual addiction
Sexual trauma therapy,Cognitive behavioral therapy
Sexual trauma therapy,Eye movement desensitization and reprocessing
Sexual trauma therapy,Play therapy
Sexual trauma therapy,Post-traumatic stress disorder
Sexual trauma therapy,Psychodynamic psychotherapy
Sexual trauma therapy,Sex therapy
Sexual trauma therapy,Sexual dysfunction
Sexual trauma therapy,Trauma focused cognitive behavioral therapy
Shift work sleep disorder,Alcoholism
Shift work sleep disorder,Circadian rhythm sleep disorder
Shift work sleep disorder,Insomnia
Shift work sleep disorder,Jet lag
Shift work sleep disorder,Narcolepsy
Shopping addiction,Exposure therapy
Shopping addiction,Internet addiction disorder
Shopping addiction,Kleptomania
Shopping addiction,Problem gambling
Shopping addiction,Psychoanalysis
Shopping addiction,Video game addiction
Sleep apnea,Alzheimer's disease
Sleep apnea,Central hypoventilation syndrome
Sleep apnea,Dementia
Sleep apnea,Insomnia
Sleep apnea,Mood disorder
Sleepwalking,Dissociative fugue
Sleepwalking,Insomnia
Sleepwalking,Night terror
Sleepwalking,Parkinson's disease
Sleepwalking,Rapid eye movement sleep behavior disorder
Sleepwalking,Restless legs syndrome
Sleepwalking,Schizophrenia
Sleepwalking,Tourette syndrome
Social (pragmatic) communication disorder,Aphasia
Social (pragmatic) communication disorder,Attention deficit hyperactivity disorder
Social (pragmatic) communication disorder,Auditory processing disorder
Social (pragmatic) communication disorder,Autism
Social (pragmatic) communication disorder,Communication disorder
Social (pragmatic) communication disorder,Language disorder
Social (pragmatic) communication disorder,Nonverbal learning disorder
Social (pragmatic) communication disorder,Pervasive developmental disorder
Social (pragmatic) communication disorder,Stuttering
Social anxiety disorder,Acceptance and commitment therapy
Social anxiety disorder,Agoraphobia
Social anxiety disorder,Alcohol withdrawal syndrome
Social anxiety disorder,Alcoholism
Social anxiety disorder,Attention deficit hyperactivity disorder
Social anxiety disorder,Avoidant personality disorder
Social anxiety disorder,Bipolar disorder
Social anxiety disorder,Cognitive behavioral therapy
Social anxiety disorder,Cyclothymia
Social anxiety disorder,Generalized anxiety disorder
Social anxiety disorder,Insomnia
Social anxiety disorder,Major depressive disorder
Social anxiety disorder,Metacognitive therapy
Social anxiety disorder,Obsessive–compulsive disorder
Social anxiety disorder,Selective mutism
Social anxiety disorder,Substance dependence
Social anxiety disorder,Systematic desensitization
Solution-focused brief therapy,Brief psychotherapy
Solution-focused brief therapy,Cognitive behavioral therapy
Solution-focused brief therapy,Family therapy
Solution-focused brief therapy,Future-oriented therapy
Solution-focused brief therapy,Interpersonal psychotherapy
Solution-focused brief therapy,Narrative therapy
Somatic experiencing,Body psychotherapy
Somatic experiencing,Cognitive behavioral therapy
Somatic experiencing,Exposure therapy
Somatic experiencing,Multimodal therapy
Somatic experiencing,Post-traumatic stress disorder
Somatic experiencing,Psychoanalysis
Somatic experiencing,Reichian therapy
Somatic experiencing,Rolfing
Somatic experiencing,Systematic desensitization
Somatic symptom disorder,Adjustment disorder
Somatic symptom disorder,Alcoholism
Somatic symptom disorder,Alzheimer's disease
Somatic symptom disorder,Antisocial personality disorder
Somatic symptom disorder,Avoidant personality disorder
Somatic symptom disorder,Body dysmorphic disorder
Somatic symptom disorder,Borderline personality disorder
Somatic symptom disorder,Cognitive behavioral therapy
Somatic symptom disorder,Dependent personality disorder
Somatic symptom disorder,Factitious disorder imposed on self
Somatic symptom disorder,Functional neurological symptom disorder
Somatic symptom disorder,Generalized anxiety disorder
Somatic symptom disorder,Histrionic personality disorder
Somatic symptom disorder,Hypochondria
Somatic symptom disorder,Insomnia
Somatic symptom disorder,Interpersonal psychotherapy
Somatic symptom disorder,Major depressive disorder
Somatic symptom disorder,Mood disorder
Somatic symptom disorder,Narcissistic personality disorder
Somatic symptom disorder,Obsessive–compulsive disorder
Somatic symptom disorder,Psychoanalysis
Somatic symptom disorder,Substance dependence
Specific phobia,Agoraphobia
Specific phobia,Avoidant personality disorder
Specific phobia,Cognitive behavioral therapy
Specific phobia,Exposure therapy
Specific phobia,Panic disorder
Speech sound disorder,Autism
Speech sound disorder,Down syndrome
Speech sound disorder,Language disorder
Status dynamic psychotherapy,Bulimia
Status dynamic psychotherapy,Histrionic personality disorder
Status dynamic psychotherapy,Major depressive disorder
Status dynamic psychotherapy,Mania
Status dynamic psychotherapy,Obsessive–compulsive personality disorder
Status dynamic psychotherapy,Person-centered therapy
Status dynamic psychotherapy,Schizophrenia
Status dynamic psychotherapy,Sexual addiction
Status dynamic psychotherapy,Solution-focused brief therapy
Status dynamic psychotherapy,Therapeutic community
Stereotypic movement disorder,Autism
Stereotypic movement disorder,Body-focused repetitive behavior
Stereotypic movement disorder,Habit reversal training
Stereotypic movement disorder,Intellectual disability
Stereotypic movement disorder,Obsessive–compulsive disorder
Stereotypic movement disorder,Tic disorder
Stereotypic movement disorder,Tourette syndrome
Stereotypic movement disorder,Trichotillomania
Stimulant psychosis,Cannabis-induced psychotic disorder
Stimulant psychosis,Delirium
Stimulant psychosis,Hallucinogen-induced psychotic disorder
Stimulant psychosis,Insomnia
Stimulant psychosis,Mania
Stimulant psychosis,Psychosis
Stimulant psychosis,Schizophrenia
Stimulant psychosis,Substance-induced psychosis
Strategic Family Therapy,Family therapy
Strategic Family Therapy,Structural family therapy
Structural family therapy,Family therapy
Structural family therapy,Internal Family Systems Model
Stuttering,Aphasia
Stuttering,Attention deficit hyperactivity disorder
Stuttering,Autism
Stuttering,Dyslexia
Stuttering,Parkinson's disease
Stuttering,Selective mutism
Stuttering,Social anxiety disorder
Stuttering,Speech sound disorder
Substance dependence,Addictive personality
Substance dependence,Cannabis use disorder
Substance dependence,Cocaine dependence
Substance dependence,Cognitive behavioral therapy
Substance dependence,Drug withdrawal
Substance dependence,Nicotine dependence
Substance dependence,Twelve-step program
Substance intoxication,Cocaine intoxication
Substance intoxication,Delirium
Substance-induced psychosis,Alcoholism
Substance-induced psychosis,Bipolar disorder
Substance-induced psychosis,Brief psychotic disorder
Substance-induced psychosis,Cannabis-induced psychotic disorder
Substance-induced psychosis,Hallucinogen-induced psychotic disorder
Substance-induced psychosis,Insomnia
Substance-induced psychosis,Major depressive disorder
Substance-induced psychosis,Psychosis
Substance-induced psychosis,Schizophrenia
Substance-induced psychosis,Stimulant psychosis
Substance-induced psychosis,Substance intoxication
Substance-related disorder,Borderline personality disorder
Substance-related disorder,Delirium
Substance-related disorder,Drug withdrawal
Substance-related disorder,Dysthymia
Substance-related disorder,Major depressive disorder
Substance-related disorder,Mood disorder
Substance-related disorder,Substance dependence
Substance-related disorder,Substance intoxication
Substance-related disorder,Substance-induced psychosis
Supportive psychotherapy,Agoraphobia
Supportive psychotherapy,Anorexia
Supportive psychotherapy,Behaviour therapy
Supportive psychotherapy,Bipolar disorder
Supportive psychotherapy,Cognitive behavioral therapy
Supportive psychotherapy,Cognitive therapy
Supportive psychotherapy,Expressive therapies
Supportive psychotherapy,Interpersonal psychotherapy
Supportive psychotherapy,Major depressive disorder
Supportive psychotherapy,Postpartum depression
Supportive psychotherapy,Psychoanalysis
Supportive psychotherapy,Schizophrenia
Supportive psychotherapy,Systematic desensitization
Systematic desensitization,Exposure therapy
Systematic desensitization,Immersion therapy
Systematic desensitization,Post-traumatic stress disorder
Systematic desensitization,Psychoanalysis
Systematic desensitization,Schizophrenia
Systematic desensitization,Specific phobia
Systemic therapy,Brief psychotherapy
Systemic therapy,Family therapy
Systemic therapy,Psychoanalysis
Systemic therapy,Structural family therapy
T-groups,Focusing (psychotherapy)
T-groups,Psychodrama
Therapeutic community,Group psychotherapy
Therapeutic community,Psychoanalysis
Therapeutic community,Transactional analysis
Therapeutic community,Twelve-step program
Thought Field Therapy,Emotional Freedom Techniques
Thought Field Therapy,Eye movement desensitization and reprocessing
Thought Field Therapy,Major depressive disorder
Thought Field Therapy,Post-traumatic stress disorder
Thought Field Therapy,Substance dependence
Tic disorder,Autism
Tic disorder,Behaviour therapy
Tic disorder,Developmental coordination disorder
Tic disorder,Obsessive–compulsive disorder
Tic disorder,Stereotypic movement disorder
Tic disorder,Tourette syndrome
Tourette syndrome,Attention deficit hyperactivity disorder
Tourette syndrome,Autism
Tourette syndrome,Behaviour therapy
Tourette syndrome,Biofeedback
Tourette syndrome,Bipolar disorder
Tourette syndrome,Cognitive behavioral therapy
Tourette syndrome,Conduct disorder
Tourette syndrome,Down syndrome
Tourette syndrome,Dysgraphia
Tourette syndrome,Exposure therapy
Tourette syndrome,Functional neurological symptom disorder
Tourette syndrome,Habit reversal training
Tourette syndrome,Huntington's disease
Tourette syndrome,Mood disorder
Tourette syndrome,Obsessive–compulsive disorder
Tourette syndrome,Oppositional defiant disorder
Tourette syndrome,Parent management training
Tourette syndrome,Schizophrenia
Tourette syndrome,Stereotypic movement disorder
Tourette syndrome,Tic disorder
Transactional analysis,Cognitive behavioral therapy
Transactional analysis,Integrative psychotherapy
Transactional analysis,Psychoanalysis
Transference-focused psychotherapy,Borderline personality disorder
Transference-focused psychotherapy,Dialectical behavior therapy
Transference-focused psychotherapy,Psychodynamic psychotherapy
Transference-focused psychotherapy,Schema therapy
Transference-focused psychotherapy,Supportive psychotherapy
Transmissible spongiform encephalopathy,Alzheimer's disease
Transmissible spongiform encephalopathy,Dementia
Transmissible spongiform encephalopathy,Insomnia
Transmissible spongiform encephalopathy,Parkinson's disease
Trauma focused cognitive behavioral therapy,Cognitive behavioral therapy
Trauma focused cognitive behavioral therapy,Complex post-traumatic stress disorder
Trauma focused cognitive behavioral therapy,Eye movement desensitization and reprocessing
Trauma focused cognitive behavioral therapy,Post-traumatic stress disorder
Trauma-informed feminist therapy,Borderline personality disorder
Trauma-informed feminist therapy,Complex post-traumatic stress disorder
Trauma-informed feminist therapy,Feminist therapy
Trauma-informed feminist therapy,Post-traumatic stress disorder
Traumatic brain injury,Aphasia
Traumatic brain injury,Bipolar disorder
Traumatic brain injury,Chronic traumatic encephalopathy
Traumatic brain injury,Dementia
Traumatic brain injury,Dysthymia
Traumatic brain injury,Hypomania
Traumatic brain injury,Mania
Traumatic brain injury,Obsessive–compulsive disorder
Traumatic brain injury,Psychosis
Trichotillomania,Acceptance and commitment therapy
Trichotillomania,Behavior modification
Trichotillomania,Biofeedback
Trichotillomania,Body dysmorphic disorder
Trichotillomania,Body-focused repetitive behavior
Trichotillomania,Cognitive behavioral therapy
Trichotillomania,Excoriation disorder
Trichotillomania,Habit reversal training
Trichotillomania,Major depressive disorder
Trichotillomania,Mania
Trichotillomania,Obsessive–compulsive disorder
Trichotillomania,Post-traumatic stress disorder
Trichotillomania,Tic disorder
Twelve-step program,Alcoholism
Twelve-step program,Cognitive behavioral therapy
Twelve-step program,Group psychotherapy
Twelve-step program,Hoarding disorder
Twelve-step program,Major depressive disorder
Twelve-step program,Motivational enhancement therapy
Twelve-step program,Problem gambling
Twelve-step program,Sexual addiction
Twelve-step program,Substance dependence
Unspecified feeding or eating disorder,Anorexia
Unspecified feeding or eating disorder,Binge eating disorder
Unspecified feeding or eating disorder,Bulimia
Unspecified feeding or eating disorder,Exercise addiction
Unspecified feeding or eating disorder,Food addiction
Unspecified feeding or eating disorder,Orthorexia nervosa
Unspecified feeding or eating disorder,Other specified feeding or eating disorder
Vaginismus,Behaviour therapy
Vaginismus,Biofeedback
Vaginismus,Dyspareunia
Vaginismus,Systematic desensitization
Vascular dementia,Alzheimer's disease
Vascular dementia,Aphasia
Vascular dementia,Dementia
Vegetotherapy,Body psychotherapy
Vegetotherapy,Primal therapy
Vegetotherapy,Psychoanalysis
Vegetotherapy,Reichian therapy
Video game addiction,Attention deficit hyperactivity disorder
Video game addiction,Conduct disorder
Video game addiction,Drug withdrawal
Video game addiction,Internet addiction disorder
Video game addiction,Major depressive disorder
Video game addiction,Mood disorder
Video game addiction,Obsessive–compulsive disorder
Video game addiction,Problem gambling
Video game addiction,Substance dependence
Voyeurism,Aversion therapy
Voyeurism,Exhibitionism
Voyeurism,Group psychotherapy
Voyeurism,Obsessive–compulsive disorder
Voyeurism,Psychoanalysis
Wilderness therapy,Group psychotherapy
Wilderness therapy,Substance-related disorder
Writing therapy,Cognitive therapy
Writing therapy,Expressive therapies
Writing therapy,Journal therapy
Writing therapy,Major depressive disorder
Writing therapy,Online counseling
Writing therapy,Psychoanalysis
Yoga as therapy,Attention deficit hyperactivity disorder
Yoga as therapy,Dementia
Yoga as therapy,Post-traumatic stress disorder
